name,submission_time,application,num_gpus,target_batch_size,target_lr,target_gradient_steps,target_metric
roberta-large@qnli-0,1280,roberta-large@qnli,1,128,1e-4,8,0.9474647629507597
roberta-large@sst2-1,1987,roberta-large@sst2,2,192,1e-3,12,0.9655963302752294
roberta-large@qnli-2,2634,roberta-large@qnli,4,128,1e-4,8,0.9474647629507597
roberta-large@mnli-3,4906,roberta-large@mnli,8,192,4e-5,12,0.9019867549668874
roberta-large@qqp-4,6003,roberta-large@qqp,8,128,4e-5,8,0.8584754884373268
roberta-large@mnli-5,6111,roberta-large@mnli,8,192,4e-5,12,0.9019867549668874
roberta-large@wnli-6,7516,roberta-large@wnli,1,16,1e-3,1,0.6338028169014085
roberta-large@rte-7,8364,roberta-large@rte,1,16,4e-4,1,0.8880866425992779
roberta-large@qnli-8,8748,roberta-large@qnli,2,128,1e-4,8,0.9474647629507597
roberta-large@qnli-9,8768,roberta-large@qnli,1,128,1e-4,8,0.9474647629507597
roberta-large@rte-10,9147,roberta-large@rte,1,16,4e-4,1,0.8880866425992779
roberta-large@wnli-11,9538,roberta-large@wnli,1,16,1e-3,1,0.6338028169014085
roberta-large@mrpc-12,9538,roberta-large@mrpc,1,64,1e-4,4,0.9061946902654867
roberta-large@wnli-13,9539,roberta-large@wnli,1,16,1e-3,1,0.6338028169014085
roberta-large@wnli-14,10052,roberta-large@wnli,1,16,1e-3,1,0.6338028169014085
roberta-large@mrpc-15,10462,roberta-large@mrpc,1,64,1e-4,4,0.9061946902654867
roberta-large@sst2-16,10617,roberta-large@sst2,2,192,1e-3,12,0.9655963302752294
roberta-large@qnli-17,10618,roberta-large@qnli,2,128,1e-4,8,0.9474647629507597
roberta-large@rte-18,11696,roberta-large@rte,1,16,4e-4,1,0.8880866425992779
roberta-large@stsb-19,11714,roberta-large@stsb,1,192,4e-4,12,0.9172494699508488
roberta-large@sst2-20,12456,roberta-large@sst2,16,192,1e-3,12,0.9655963302752294
roberta-large@sst2-21,13470,roberta-large@sst2,4,192,1e-3,12,0.9655963302752294
roberta-large@qqp-22,14031,roberta-large@qqp,8,128,4e-5,8,0.8584754884373268
roberta-large@qqp-23,14109,roberta-large@qqp,8,128,4e-5,8,0.8584754884373268
roberta-large@sst2-24,14275,roberta-large@sst2,1,192,1e-3,12,0.9655963302752294
roberta-large@rte-25,16030,roberta-large@rte,1,16,4e-4,1,0.8880866425992779
roberta-large@mrpc-26,17132,roberta-large@mrpc,1,64,1e-4,4,0.9061946902654867
roberta-large@sst2-27,19137,roberta-large@sst2,8,192,1e-3,12,0.9655963302752294
roberta-large@sst2-28,19137,roberta-large@sst2,8,192,1e-3,12,0.9655963302752294
roberta-large@sst2-29,19247,roberta-large@sst2,8,192,1e-3,12,0.9655963302752294
roberta-large@qnli-30,20006,roberta-large@qnli,2,128,1e-4,8,0.9474647629507597
roberta-large@stsb-31,21258,roberta-large@stsb,1,192,4e-4,12,0.9172494699508488
roberta-large@sst2-32,21548,roberta-large@sst2,8,192,1e-3,12,0.9655963302752294
roberta-large@qnli-33,21548,roberta-large@qnli,8,128,1e-4,8,0.9474647629507597
roberta-large@mrpc-34,21891,roberta-large@mrpc,1,64,1e-4,4,0.9061946902654867
roberta-large@qnli-35,22260,roberta-large@qnli,8,128,1e-4,8,0.9474647629507597
roberta-large@wnli-36,22395,roberta-large@wnli,1,16,1e-3,1,0.6338028169014085
roberta-large@qnli-37,22654,roberta-large@qnli,8,128,1e-4,8,0.9474647629507597
roberta-large@sst2-38,22654,roberta-large@sst2,8,192,1e-3,12,0.9655963302752294
roberta-large@sst2-39,22655,roberta-large@sst2,8,192,1e-3,12,0.9655963302752294
roberta-large@sst2-40,22655,roberta-large@sst2,8,192,1e-3,12,0.9655963302752294
roberta-large@qnli-41,22655,roberta-large@qnli,8,128,1e-4,8,0.9474647629507597
roberta-large@sst2-42,22655,roberta-large@sst2,8,192,1e-3,12,0.9655963302752294
roberta-large@sst2-43,22655,roberta-large@sst2,8,192,1e-3,12,0.9655963302752294
roberta-large@sst2-44,23166,roberta-large@sst2,8,192,1e-3,12,0.9655963302752294
roberta-large@sst2-45,23298,roberta-large@sst2,8,192,1e-3,12,0.9655963302752294
roberta-large@qnli-46,23833,roberta-large@qnli,8,128,1e-4,8,0.9474647629507597
roberta-large@qnli-47,24715,roberta-large@qnli,1,128,1e-4,8,0.9474647629507597
roberta-large@sst2-48,25326,roberta-large@sst2,8,192,1e-3,12,0.9655963302752294
roberta-large@sst2-49,25475,roberta-large@sst2,8,192,1e-3,12,0.9655963302752294
roberta-large@rte-50,25946,roberta-large@rte,1,16,4e-4,1,0.8880866425992779
roberta-large@wnli-51,26099,roberta-large@wnli,1,16,1e-3,1,0.6338028169014085
roberta-large@stsb-52,26344,roberta-large@stsb,1,192,4e-4,12,0.9172494699508488
roberta-large@qnli-53,26539,roberta-large@qnli,1,128,1e-4,8,0.9474647629507597
roberta-large@qnli-54,26857,roberta-large@qnli,2,128,1e-4,8,0.9474647629507597
roberta-large@qnli-55,27150,roberta-large@qnli,8,128,1e-4,8,0.9474647629507597
roberta-large@wnli-56,27157,roberta-large@wnli,1,16,1e-3,1,0.6338028169014085
roberta-large@sst2-57,28092,roberta-large@sst2,8,192,1e-3,12,0.9655963302752294
roberta-large@qnli-58,28092,roberta-large@qnli,8,128,1e-4,8,0.9474647629507597
roberta-large@sst2-59,28093,roberta-large@sst2,8,192,1e-3,12,0.9655963302752294
