name,submission_time,application,num_gpus,target_batch_size,target_lr,target_gradient_steps,target_metric
vit@frgfm#imagenette-0,45,vit@frgfm#imagenette,1,48,4e-4,1,0.9903184713375797
vit@imagenet-split-1-1,92,vit@imagenet-split-1,4,384,1e-3,8,0.9122666666666667
vit@Bingsu#Cat_and_Dog-2,766,vit@Bingsu#Cat_and_Dog,1,576,1e-4,12,0.9975
vit@food101-3,786,vit@food101,8,48,4e-4,1,0.824990099009901
vit@imagenet-split-0-4,1280,vit@imagenet-split-0,1,192,1e-3,4,0.9728
vit@Bingsu#Cat_and_Dog-5,1322,vit@Bingsu#Cat_and_Dog,1,576,1e-4,12,0.9975
vit@mnist-6,1576,vit@mnist,8,48,4e-4,1,0.9905
vit@Bingsu#Cat_and_Dog-7,1747,vit@Bingsu#Cat_and_Dog,1,576,1e-4,12,0.9975
vit@imagenet-split-2-8,1987,vit@imagenet-split-2,2,48,4e-4,1,0.8862
vit@imagenet-split-1-9,2229,vit@imagenet-split-1,8,384,1e-3,8,0.9122666666666667
vit@imagenet-split-2-10,2296,vit@imagenet-split-2,2,48,4e-4,1,0.8862
vit@imagenet-split-1-11,2634,vit@imagenet-split-1,4,384,1e-3,8,0.9122666666666667
vit@imagenet-split-0-12,2660,vit@imagenet-split-0,2,192,1e-3,4,0.9728
vit@mnist-13,3002,vit@mnist,8,48,4e-4,1,0.9905
vit@mnist-14,3002,vit@mnist,8,48,4e-4,1,0.9905
vit@imagenet-split-0-15,3014,vit@imagenet-split-0,4,192,1e-3,4,0.9728
vit@imagenet-split-1-16,3350,vit@imagenet-split-1,4,384,1e-3,8,0.9122666666666667
vit@frgfm#imagenette-17,3459,vit@frgfm#imagenette,1,48,4e-4,1,0.9903184713375797
vit@frgfm#imagenette-18,3853,vit@frgfm#imagenette,1,48,4e-4,1,0.9903184713375797
vit@frgfm#imagenette-19,4072,vit@frgfm#imagenette,1,48,4e-4,1,0.9903184713375797
vit@Bingsu#Cat_and_Dog-20,4256,vit@Bingsu#Cat_and_Dog,1,576,1e-4,12,0.9975
vit@Bingsu#Cat_and_Dog-21,4295,vit@Bingsu#Cat_and_Dog,1,576,1e-4,12,0.9975
vit@mnist-22,4853,vit@mnist,8,48,4e-4,1,0.9905
vit@fashion_mnist-23,4853,vit@fashion_mnist,8,576,1e-3,12,0.9329
vit@food101-24,4906,vit@food101,2,48,4e-4,1,0.824990099009901
vit@food101-25,4906,vit@food101,2,48,4e-4,1,0.824990099009901
vit@fashion_mnist-26,5098,vit@fashion_mnist,8,576,1e-3,12,0.9329
vit@imagenet-split-2-27,6003,vit@imagenet-split-2,2,48,4e-4,1,0.8862
vit@food101-28,6111,vit@food101,2,48,4e-4,1,0.824990099009901
vit@fashion_mnist-29,6432,vit@fashion_mnist,1,576,1e-3,12,0.9329
vit@mnist-30,6467,vit@mnist,8,48,4e-4,1,0.9905
vit@frgfm#imagenette-31,6828,vit@frgfm#imagenette,1,48,4e-4,1,0.9903184713375797
vit@mnist-32,6858,vit@mnist,1,48,4e-4,1,0.9905
vit@cifar100-33,7000,vit@cifar100,1,576,1e-3,12,0.7871
vit@frgfm#imagenette-34,7190,vit@frgfm#imagenette,1,48,4e-4,1,0.9903184713375797
vit@imagenet-split-0-35,7246,vit@imagenet-split-0,4,192,1e-3,4,0.9728
vit@cifar100-36,7246,vit@cifar100,4,576,1e-3,12,0.7871
vit@imagenet-split-1-37,7328,vit@imagenet-split-1,4,384,1e-3,8,0.9122666666666667
vit@cifar100-38,7430,vit@cifar100,4,576,1e-3,12,0.7871
vit@imagenet-split-1-39,7490,vit@imagenet-split-1,4,384,1e-3,8,0.9122666666666667
vit@Bingsu#Cat_and_Dog-40,7516,vit@Bingsu#Cat_and_Dog,1,576,1e-4,12,0.9975
vit@cifar100-41,7670,vit@cifar100,4,576,1e-3,12,0.7871
vit@mnist-42,7719,vit@mnist,4,48,4e-4,1,0.9905
vit@mnist-43,7774,vit@mnist,1,48,4e-4,1,0.9905
vit@imagenet-split-0-44,7814,vit@imagenet-split-0,4,192,1e-3,4,0.9728
vit@Bingsu#Cat_and_Dog-45,7949,vit@Bingsu#Cat_and_Dog,1,576,1e-4,12,0.9975
vit@fashion_mnist-46,8016,vit@fashion_mnist,4,576,1e-3,12,0.9329
vit@cifar100-47,8044,vit@cifar100,1,576,1e-3,12,0.7871
vit@imagenet-split-1-48,8065,vit@imagenet-split-1,4,384,1e-3,8,0.9122666666666667
vit@Bingsu#Cat_and_Dog-49,8067,vit@Bingsu#Cat_and_Dog,1,576,1e-4,12,0.9975
vit@imagenet-split-1-50,8169,vit@imagenet-split-1,4,384,1e-3,8,0.9122666666666667
vit@imagenet-split-1-51,8245,vit@imagenet-split-1,1,384,1e-3,8,0.9122666666666667
vit@cifar100-52,8260,vit@cifar100,1,576,1e-3,12,0.7871
vit@imagenet-split-0-53,8264,vit@imagenet-split-0,1,192,1e-3,4,0.9728
vit@imagenet-split-1-54,8267,vit@imagenet-split-1,1,384,1e-3,8,0.9122666666666667
vit@Bingsu#Cat_and_Dog-55,8364,vit@Bingsu#Cat_and_Dog,1,576,1e-4,12,0.9975
vit@imagenet-split-1-56,8389,vit@imagenet-split-1,1,384,1e-3,8,0.9122666666666667
vit@Bingsu#Cat_and_Dog-57,8718,vit@Bingsu#Cat_and_Dog,1,576,1e-4,12,0.9975
vit@cifar100-58,8748,vit@cifar100,2,576,1e-3,12,0.7871
vit@imagenet-split-2-59,8767,vit@imagenet-split-2,2,48,4e-4,1,0.8862
vit@cifar100-60,8768,vit@cifar100,1,576,1e-3,12,0.7871
vit@frgfm#imagenette-61,8821,vit@frgfm#imagenette,1,48,4e-4,1,0.9903184713375797
vit@Bingsu#Cat_and_Dog-62,8909,vit@Bingsu#Cat_and_Dog,1,576,1e-4,12,0.9975
vit@Bingsu#Cat_and_Dog-63,8910,vit@Bingsu#Cat_and_Dog,1,576,1e-4,12,0.9975
vit@frgfm#imagenette-64,9026,vit@frgfm#imagenette,1,48,4e-4,1,0.9903184713375797
vit@frgfm#imagenette-65,9147,vit@frgfm#imagenette,1,48,4e-4,1,0.9903184713375797
vit@food101-66,9491,vit@food101,2,48,4e-4,1,0.824990099009901
vit@frgfm#imagenette-67,9538,vit@frgfm#imagenette,1,48,4e-4,1,0.9903184713375797
vit@frgfm#imagenette-68,9538,vit@frgfm#imagenette,1,48,4e-4,1,0.9903184713375797
vit@frgfm#imagenette-69,9538,vit@frgfm#imagenette,1,48,4e-4,1,0.9903184713375797
vit@frgfm#imagenette-70,9538,vit@frgfm#imagenette,1,48,4e-4,1,0.9903184713375797
vit@frgfm#imagenette-71,9538,vit@frgfm#imagenette,1,48,4e-4,1,0.9903184713375797
vit@frgfm#imagenette-72,9538,vit@frgfm#imagenette,1,48,4e-4,1,0.9903184713375797
vit@frgfm#imagenette-73,9539,vit@frgfm#imagenette,1,48,4e-4,1,0.9903184713375797
vit@Bingsu#Cat_and_Dog-74,9539,vit@Bingsu#Cat_and_Dog,1,576,1e-4,12,0.9975
vit@imagenet-split-0-75,9612,vit@imagenet-split-0,1,192,1e-3,4,0.9728
vit@Bingsu#Cat_and_Dog-76,9707,vit@Bingsu#Cat_and_Dog,1,576,1e-4,12,0.9975
vit@frgfm#imagenette-77,10052,vit@frgfm#imagenette,1,48,4e-4,1,0.9903184713375797
vit@mnist-78,10408,vit@mnist,12,48,4e-4,1,0.9905
vit@Bingsu#Cat_and_Dog-79,10414,vit@Bingsu#Cat_and_Dog,2,576,1e-4,12,0.9975
vit@frgfm#imagenette-80,10462,vit@frgfm#imagenette,1,48,4e-4,1,0.9903184713375797
vit@Bingsu#Cat_and_Dog-81,10587,vit@Bingsu#Cat_and_Dog,1,576,1e-4,12,0.9975
vit@food101-82,10617,vit@food101,2,48,4e-4,1,0.824990099009901
vit@imagenet-split-2-83,10617,vit@imagenet-split-2,2,48,4e-4,1,0.8862
vit@food101-84,10618,vit@food101,2,48,4e-4,1,0.824990099009901
vit@food101-85,10618,vit@food101,2,48,4e-4,1,0.824990099009901
vit@imagenet-split-2-86,10620,vit@imagenet-split-2,2,48,4e-4,1,0.8862
vit@frgfm#imagenette-87,10835,vit@frgfm#imagenette,2,48,4e-4,1,0.9903184713375797
vit@fashion_mnist-88,10851,vit@fashion_mnist,8,576,1e-3,12,0.9329
vit@frgfm#imagenette-89,11194,vit@frgfm#imagenette,2,48,4e-4,1,0.9903184713375797
vit@frgfm#imagenette-90,11370,vit@frgfm#imagenette,2,48,4e-4,1,0.9903184713375797
vit@Bingsu#Cat_and_Dog-91,11370,vit@Bingsu#Cat_and_Dog,1,576,1e-4,12,0.9975
vit@frgfm#imagenette-92,11696,vit@frgfm#imagenette,1,48,4e-4,1,0.9903184713375797
vit@frgfm#imagenette-93,11714,vit@frgfm#imagenette,1,48,4e-4,1,0.9903184713375797
vit@mnist-94,12013,vit@mnist,1,48,4e-4,1,0.9905
vit@frgfm#imagenette-95,12033,vit@frgfm#imagenette,1,48,4e-4,1,0.9903184713375797
vit@Bingsu#Cat_and_Dog-96,12036,vit@Bingsu#Cat_and_Dog,1,576,1e-4,12,0.9975
vit@frgfm#imagenette-97,12037,vit@frgfm#imagenette,1,48,4e-4,1,0.9903184713375797
vit@Bingsu#Cat_and_Dog-98,12079,vit@Bingsu#Cat_and_Dog,1,576,1e-4,12,0.9975
vit@imagenet-split-2-99,12082,vit@imagenet-split-2,8,48,4e-4,1,0.8862
vit@Bingsu#Cat_and_Dog-100,12378,vit@Bingsu#Cat_and_Dog,1,576,1e-4,12,0.9975
vit@imagenet-split-1-101,12456,vit@imagenet-split-1,16,384,1e-3,8,0.9122666666666667
vit@frgfm#imagenette-102,12633,vit@frgfm#imagenette,2,48,4e-4,1,0.9903184713375797
vit@Bingsu#Cat_and_Dog-103,12840,vit@Bingsu#Cat_and_Dog,1,576,1e-4,12,0.9975
vit@imagenet-split-1-104,12970,vit@imagenet-split-1,8,384,1e-3,8,0.9122666666666667
vit@Bingsu#Cat_and_Dog-105,13108,vit@Bingsu#Cat_and_Dog,1,576,1e-4,12,0.9975
vit@fashion_mnist-106,13205,vit@fashion_mnist,1,576,1e-3,12,0.9329
vit@frgfm#imagenette-107,13468,vit@frgfm#imagenette,1,48,4e-4,1,0.9903184713375797
vit@fashion_mnist-108,13470,vit@fashion_mnist,4,576,1e-3,12,0.9329
vit@imagenet-split-2-109,13613,vit@imagenet-split-2,2,48,4e-4,1,0.8862
vit@Bingsu#Cat_and_Dog-110,13911,vit@Bingsu#Cat_and_Dog,1,576,1e-4,12,0.9975
vit@food101-111,14031,vit@food101,8,48,4e-4,1,0.824990099009901
vit@Bingsu#Cat_and_Dog-112,14066,vit@Bingsu#Cat_and_Dog,1,576,1e-4,12,0.9975
vit@food101-113,14109,vit@food101,2,48,4e-4,1,0.824990099009901
vit@cifar100-114,14275,vit@cifar100,1,576,1e-3,12,0.7871
vit@frgfm#imagenette-115,14353,vit@frgfm#imagenette,1,48,4e-4,1,0.9903184713375797
vit@imagenet-split-1-116,15073,vit@imagenet-split-1,1,384,1e-3,8,0.9122666666666667
vit@imagenet-split-0-117,15165,vit@imagenet-split-0,8,192,1e-3,4,0.9728
vit@imagenet-split-1-118,15342,vit@imagenet-split-1,1,384,1e-3,8,0.9122666666666667
vit@fashion_mnist-119,15496,vit@fashion_mnist,8,576,1e-3,12,0.9329
vit@Bingsu#Cat_and_Dog-120,16030,vit@Bingsu#Cat_and_Dog,1,576,1e-4,12,0.9975
vit@Bingsu#Cat_and_Dog-121,16033,vit@Bingsu#Cat_and_Dog,1,576,1e-4,12,0.9975
vit@frgfm#imagenette-122,16772,vit@frgfm#imagenette,1,48,4e-4,1,0.9903184713375797
vit@frgfm#imagenette-123,16773,vit@frgfm#imagenette,1,48,4e-4,1,0.9903184713375797
vit@fashion_mnist-124,17039,vit@fashion_mnist,8,576,1e-3,12,0.9329
vit@frgfm#imagenette-125,17119,vit@frgfm#imagenette,1,48,4e-4,1,0.9903184713375797
vit@frgfm#imagenette-126,17132,vit@frgfm#imagenette,1,48,4e-4,1,0.9903184713375797
vit@frgfm#imagenette-127,17154,vit@frgfm#imagenette,1,48,4e-4,1,0.9903184713375797
vit@cifar100-128,17159,vit@cifar100,2,576,1e-3,12,0.7871
vit@food101-129,17263,vit@food101,8,48,4e-4,1,0.824990099009901
vit@frgfm#imagenette-130,17581,vit@frgfm#imagenette,1,48,4e-4,1,0.9903184713375797
vit@Bingsu#Cat_and_Dog-131,17864,vit@Bingsu#Cat_and_Dog,1,576,1e-4,12,0.9975
vit@food101-132,18125,vit@food101,2,48,4e-4,1,0.824990099009901
vit@Bingsu#Cat_and_Dog-133,18187,vit@Bingsu#Cat_and_Dog,1,576,1e-4,12,0.9975
vit@food101-134,18254,vit@food101,8,48,4e-4,1,0.824990099009901
vit@Bingsu#Cat_and_Dog-135,18413,vit@Bingsu#Cat_and_Dog,1,576,1e-4,12,0.9975
vit@imagenet-split-2-136,18613,vit@imagenet-split-2,4,48,4e-4,1,0.8862
vit@Bingsu#Cat_and_Dog-137,18835,vit@Bingsu#Cat_and_Dog,1,576,1e-4,12,0.9975
vit@cifar100-138,19136,vit@cifar100,8,576,1e-3,12,0.7871
vit@cifar100-139,19136,vit@cifar100,8,576,1e-3,12,0.7871
vit@cifar100-140,19136,vit@cifar100,8,576,1e-3,12,0.7871
vit@food101-141,19137,vit@food101,8,48,4e-4,1,0.824990099009901
vit@cifar100-142,19137,vit@cifar100,8,576,1e-3,12,0.7871
vit@imagenet-split-2-143,19137,vit@imagenet-split-2,2,48,4e-4,1,0.8862
vit@Bingsu#Cat_and_Dog-144,19211,vit@Bingsu#Cat_and_Dog,1,576,1e-4,12,0.9975
vit@fashion_mnist-145,19247,vit@fashion_mnist,8,576,1e-3,12,0.9329
vit@imagenet-split-1-146,19247,vit@imagenet-split-1,8,384,1e-3,8,0.9122666666666667
vit@mnist-147,19247,vit@mnist,8,48,4e-4,1,0.9905
vit@imagenet-split-1-148,19247,vit@imagenet-split-1,8,384,1e-3,8,0.9122666666666667
vit@cifar100-149,19247,vit@cifar100,8,576,1e-3,12,0.7871
vit@imagenet-split-0-150,19247,vit@imagenet-split-0,8,192,1e-3,4,0.9728
vit@imagenet-split-0-151,19247,vit@imagenet-split-0,8,192,1e-3,4,0.9728
vit@fashion_mnist-152,19248,vit@fashion_mnist,8,576,1e-3,12,0.9329
vit@frgfm#imagenette-153,19526,vit@frgfm#imagenette,1,48,4e-4,1,0.9903184713375797
vit@fashion_mnist-154,19734,vit@fashion_mnist,1,576,1e-3,12,0.9329
vit@frgfm#imagenette-155,19766,vit@frgfm#imagenette,1,48,4e-4,1,0.9903184713375797
vit@food101-156,20006,vit@food101,2,48,4e-4,1,0.824990099009901
vit@frgfm#imagenette-157,20047,vit@frgfm#imagenette,1,48,4e-4,1,0.9903184713375797
vit@cifar100-158,20140,vit@cifar100,1,576,1e-3,12,0.7871
vit@Bingsu#Cat_and_Dog-159,20354,vit@Bingsu#Cat_and_Dog,1,576,1e-4,12,0.9975
vit@fashion_mnist-160,20361,vit@fashion_mnist,1,576,1e-3,12,0.9329
vit@frgfm#imagenette-161,20473,vit@frgfm#imagenette,1,48,4e-4,1,0.9903184713375797
vit@Bingsu#Cat_and_Dog-162,21050,vit@Bingsu#Cat_and_Dog,1,576,1e-4,12,0.9975
vit@fashion_mnist-163,21147,vit@fashion_mnist,8,576,1e-3,12,0.9329
vit@imagenet-split-1-164,21147,vit@imagenet-split-1,8,384,1e-3,8,0.9122666666666667
vit@Bingsu#Cat_and_Dog-165,21258,vit@Bingsu#Cat_and_Dog,1,576,1e-4,12,0.9975
vit@imagenet-split-0-166,21333,vit@imagenet-split-0,1,192,1e-3,4,0.9728
vit@mnist-167,21547,vit@mnist,8,48,4e-4,1,0.9905
vit@fashion_mnist-168,21547,vit@fashion_mnist,8,576,1e-3,12,0.9329
vit@imagenet-split-1-169,21547,vit@imagenet-split-1,8,384,1e-3,8,0.9122666666666667
vit@mnist-170,21547,vit@mnist,8,48,4e-4,1,0.9905
vit@fashion_mnist-171,21547,vit@fashion_mnist,8,576,1e-3,12,0.9329
vit@imagenet-split-1-172,21547,vit@imagenet-split-1,8,384,1e-3,8,0.9122666666666667
vit@cifar100-173,21547,vit@cifar100,8,576,1e-3,12,0.7871
vit@fashion_mnist-174,21547,vit@fashion_mnist,8,576,1e-3,12,0.9329
vit@imagenet-split-1-175,21547,vit@imagenet-split-1,8,384,1e-3,8,0.9122666666666667
vit@cifar100-176,21548,vit@cifar100,8,576,1e-3,12,0.7871
vit@cifar100-177,21548,vit@cifar100,8,576,1e-3,12,0.7871
vit@imagenet-split-0-178,21548,vit@imagenet-split-0,8,192,1e-3,4,0.9728
vit@fashion_mnist-179,21548,vit@fashion_mnist,8,576,1e-3,12,0.9329
vit@imagenet-split-0-180,21548,vit@imagenet-split-0,8,192,1e-3,4,0.9728
vit@imagenet-split-1-181,21548,vit@imagenet-split-1,8,384,1e-3,8,0.9122666666666667
vit@cifar100-182,21548,vit@cifar100,8,576,1e-3,12,0.7871
vit@imagenet-split-0-183,21548,vit@imagenet-split-0,8,192,1e-3,4,0.9728
vit@mnist-184,21548,vit@mnist,8,48,4e-4,1,0.9905
vit@fashion_mnist-185,21548,vit@fashion_mnist,8,576,1e-3,12,0.9329
vit@fashion_mnist-186,21548,vit@fashion_mnist,8,576,1e-3,12,0.9329
vit@imagenet-split-1-187,21548,vit@imagenet-split-1,8,384,1e-3,8,0.9122666666666667
vit@Bingsu#Cat_and_Dog-188,21677,vit@Bingsu#Cat_and_Dog,1,576,1e-4,12,0.9975
vit@Bingsu#Cat_and_Dog-189,21807,vit@Bingsu#Cat_and_Dog,1,576,1e-4,12,0.9975
vit@Bingsu#Cat_and_Dog-190,21891,vit@Bingsu#Cat_and_Dog,1,576,1e-4,12,0.9975
vit@food101-191,22179,vit@food101,8,48,4e-4,1,0.824990099009901
vit@cifar100-192,22260,vit@cifar100,8,576,1e-3,12,0.7871
vit@frgfm#imagenette-193,22395,vit@frgfm#imagenette,1,48,4e-4,1,0.9903184713375797
vit@imagenet-split-1-194,22634,vit@imagenet-split-1,16,384,1e-3,8,0.9122666666666667
vit@mnist-195,22654,vit@mnist,8,48,4e-4,1,0.9905
vit@imagenet-split-1-196,22654,vit@imagenet-split-1,8,384,1e-3,8,0.9122666666666667
vit@cifar100-197,22654,vit@cifar100,8,576,1e-3,12,0.7871
vit@imagenet-split-0-198,22654,vit@imagenet-split-0,8,192,1e-3,4,0.9728
vit@fashion_mnist-199,22654,vit@fashion_mnist,8,576,1e-3,12,0.9329
vit@mnist-200,22654,vit@mnist,8,48,4e-4,1,0.9905
vit@imagenet-split-1-201,22654,vit@imagenet-split-1,8,384,1e-3,8,0.9122666666666667
vit@fashion_mnist-202,22654,vit@fashion_mnist,8,576,1e-3,12,0.9329
vit@fashion_mnist-203,22654,vit@fashion_mnist,8,576,1e-3,12,0.9329
vit@imagenet-split-1-204,22654,vit@imagenet-split-1,8,384,1e-3,8,0.9122666666666667
vit@imagenet-split-1-205,22654,vit@imagenet-split-1,8,384,1e-3,8,0.9122666666666667
vit@cifar100-206,22654,vit@cifar100,8,576,1e-3,12,0.7871
vit@mnist-207,22654,vit@mnist,8,48,4e-4,1,0.9905
vit@imagenet-split-0-208,22654,vit@imagenet-split-0,8,192,1e-3,4,0.9728
vit@cifar100-209,22655,vit@cifar100,8,576,1e-3,12,0.7871
vit@imagenet-split-1-210,22655,vit@imagenet-split-1,8,384,1e-3,8,0.9122666666666667
vit@cifar100-211,22655,vit@cifar100,8,576,1e-3,12,0.7871
vit@imagenet-split-1-212,22655,vit@imagenet-split-1,8,384,1e-3,8,0.9122666666666667
vit@mnist-213,22655,vit@mnist,8,48,4e-4,1,0.9905
vit@imagenet-split-0-214,22655,vit@imagenet-split-0,8,192,1e-3,4,0.9728
vit@fashion_mnist-215,22655,vit@fashion_mnist,8,576,1e-3,12,0.9329
vit@mnist-216,22655,vit@mnist,8,48,4e-4,1,0.9905
vit@mnist-217,22655,vit@mnist,8,48,4e-4,1,0.9905
vit@cifar100-218,22655,vit@cifar100,8,576,1e-3,12,0.7871
vit@imagenet-split-1-219,22655,vit@imagenet-split-1,8,384,1e-3,8,0.9122666666666667
vit@fashion_mnist-220,22655,vit@fashion_mnist,8,576,1e-3,12,0.9329
vit@cifar100-221,22655,vit@cifar100,8,576,1e-3,12,0.7871
vit@imagenet-split-1-222,22655,vit@imagenet-split-1,8,384,1e-3,8,0.9122666666666667
vit@imagenet-split-1-223,22655,vit@imagenet-split-1,8,384,1e-3,8,0.9122666666666667
vit@cifar100-224,22655,vit@cifar100,8,576,1e-3,12,0.7871
vit@imagenet-split-0-225,22655,vit@imagenet-split-0,8,192,1e-3,4,0.9728
vit@cifar100-226,22655,vit@cifar100,8,576,1e-3,12,0.7871
vit@cifar100-227,22655,vit@cifar100,8,576,1e-3,12,0.7871
vit@imagenet-split-1-228,22655,vit@imagenet-split-1,8,384,1e-3,8,0.9122666666666667
vit@cifar100-229,22655,vit@cifar100,8,576,1e-3,12,0.7871
vit@fashion_mnist-230,22655,vit@fashion_mnist,8,576,1e-3,12,0.9329
vit@imagenet-split-0-231,22656,vit@imagenet-split-0,8,192,1e-3,4,0.9728
vit@fashion_mnist-232,22656,vit@fashion_mnist,8,576,1e-3,12,0.9329
vit@imagenet-split-1-233,22854,vit@imagenet-split-1,8,384,1e-3,8,0.9122666666666667
vit@Bingsu#Cat_and_Dog-234,22896,vit@Bingsu#Cat_and_Dog,1,576,1e-4,12,0.9975
vit@frgfm#imagenette-235,22913,vit@frgfm#imagenette,1,48,4e-4,1,0.9903184713375797
vit@imagenet-split-1-236,23166,vit@imagenet-split-1,8,384,1e-3,8,0.9122666666666667
vit@mnist-237,23166,vit@mnist,8,48,4e-4,1,0.9905
vit@cifar100-238,23166,vit@cifar100,8,576,1e-3,12,0.7871
vit@frgfm#imagenette-239,23231,vit@frgfm#imagenette,1,48,4e-4,1,0.9903184713375797
vit@Bingsu#Cat_and_Dog-240,23258,vit@Bingsu#Cat_and_Dog,1,576,1e-4,12,0.9975
vit@fashion_mnist-241,23298,vit@fashion_mnist,8,576,1e-3,12,0.9329
vit@mnist-242,23298,vit@mnist,8,48,4e-4,1,0.9905
vit@imagenet-split-0-243,23298,vit@imagenet-split-0,8,192,1e-3,4,0.9728
vit@cifar100-244,23298,vit@cifar100,8,576,1e-3,12,0.7871
vit@imagenet-split-2-245,23464,vit@imagenet-split-2,2,48,4e-4,1,0.8862
vit@Bingsu#Cat_and_Dog-246,23564,vit@Bingsu#Cat_and_Dog,1,576,1e-4,12,0.9975
vit@imagenet-split-2-247,23797,vit@imagenet-split-2,2,48,4e-4,1,0.8862
vit@imagenet-split-1-248,23833,vit@imagenet-split-1,8,384,1e-3,8,0.9122666666666667
vit@imagenet-split-0-249,24003,vit@imagenet-split-0,1,192,1e-3,4,0.9728
vit@frgfm#imagenette-250,24298,vit@frgfm#imagenette,1,48,4e-4,1,0.9903184713375797
vit@fashion_mnist-251,24306,vit@fashion_mnist,8,576,1e-3,12,0.9329
vit@imagenet-split-1-252,24583,vit@imagenet-split-1,1,384,1e-3,8,0.9122666666666667
vit@cifar100-253,24591,vit@cifar100,1,576,1e-3,12,0.7871
vit@mnist-254,24611,vit@mnist,1,48,4e-4,1,0.9905
vit@imagenet-split-1-255,24709,vit@imagenet-split-1,8,384,1e-3,8,0.9122666666666667
vit@imagenet-split-1-256,24715,vit@imagenet-split-1,1,384,1e-3,8,0.9122666666666667
vit@mnist-257,24768,vit@mnist,8,48,4e-4,1,0.9905
vit@imagenet-split-0-258,24768,vit@imagenet-split-0,8,192,1e-3,4,0.9728
vit@frgfm#imagenette-259,24844,vit@frgfm#imagenette,1,48,4e-4,1,0.9903184713375797
vit@frgfm#imagenette-260,24896,vit@frgfm#imagenette,1,48,4e-4,1,0.9903184713375797
vit@cifar100-261,25005,vit@cifar100,8,576,1e-3,12,0.7871
vit@frgfm#imagenette-262,25026,vit@frgfm#imagenette,1,48,4e-4,1,0.9903184713375797
vit@frgfm#imagenette-263,25165,vit@frgfm#imagenette,1,48,4e-4,1,0.9903184713375797
vit@fashion_mnist-264,25326,vit@fashion_mnist,8,576,1e-3,12,0.9329
vit@imagenet-split-1-265,25326,vit@imagenet-split-1,8,384,1e-3,8,0.9122666666666667
vit@fashion_mnist-266,25475,vit@fashion_mnist,8,576,1e-3,12,0.9329
vit@cifar100-267,25562,vit@cifar100,4,576,1e-3,12,0.7871
vit@food101-268,25602,vit@food101,8,48,4e-4,1,0.824990099009901
vit@frgfm#imagenette-269,25611,vit@frgfm#imagenette,1,48,4e-4,1,0.9903184713375797
vit@imagenet-split-0-270,25688,vit@imagenet-split-0,1,192,1e-3,4,0.9728
vit@cifar100-271,25892,vit@cifar100,1,576,1e-3,12,0.7871
vit@cifar100-272,25902,vit@cifar100,8,576,1e-3,12,0.7871
vit@frgfm#imagenette-273,25946,vit@frgfm#imagenette,1,48,4e-4,1,0.9903184713375797
vit@Bingsu#Cat_and_Dog-274,26066,vit@Bingsu#Cat_and_Dog,1,576,1e-4,12,0.9975
vit@fashion_mnist-275,26066,vit@fashion_mnist,1,576,1e-3,12,0.9329
vit@Bingsu#Cat_and_Dog-276,26099,vit@Bingsu#Cat_and_Dog,1,576,1e-4,12,0.9975
vit@mnist-277,26180,vit@mnist,1,48,4e-4,1,0.9905
vit@frgfm#imagenette-278,26344,vit@frgfm#imagenette,1,48,4e-4,1,0.9903184713375797
vit@fashion_mnist-279,26475,vit@fashion_mnist,4,576,1e-3,12,0.9329
vit@Bingsu#Cat_and_Dog-280,26481,vit@Bingsu#Cat_and_Dog,1,576,1e-4,12,0.9975
vit@imagenet-split-0-281,26539,vit@imagenet-split-0,1,192,1e-3,4,0.9728
vit@fashion_mnist-282,26852,vit@fashion_mnist,8,576,1e-3,12,0.9329
vit@food101-283,26857,vit@food101,2,48,4e-4,1,0.824990099009901
vit@imagenet-split-0-284,27150,vit@imagenet-split-0,8,192,1e-3,4,0.9728
vit@imagenet-split-1-285,27150,vit@imagenet-split-1,8,384,1e-3,8,0.9122666666666667
vit@Bingsu#Cat_and_Dog-286,27157,vit@Bingsu#Cat_and_Dog,1,576,1e-4,12,0.9975
vit@Bingsu#Cat_and_Dog-287,27220,vit@Bingsu#Cat_and_Dog,1,576,1e-4,12,0.9975
vit@imagenet-split-0-288,27539,vit@imagenet-split-0,1,192,1e-3,4,0.9728
vit@cifar100-289,27565,vit@cifar100,8,576,1e-3,12,0.7871
vit@Bingsu#Cat_and_Dog-290,27579,vit@Bingsu#Cat_and_Dog,1,576,1e-4,12,0.9975
vit@Bingsu#Cat_and_Dog-291,27695,vit@Bingsu#Cat_and_Dog,1,576,1e-4,12,0.9975
vit@fashion_mnist-292,27871,vit@fashion_mnist,1,576,1e-3,12,0.9329
vit@mnist-293,28092,vit@mnist,8,48,4e-4,1,0.9905
vit@cifar100-294,28092,vit@cifar100,8,576,1e-3,12,0.7871
vit@fashion_mnist-295,28092,vit@fashion_mnist,8,576,1e-3,12,0.9329
vit@imagenet-split-1-296,28092,vit@imagenet-split-1,8,384,1e-3,8,0.9122666666666667
vit@mnist-297,28092,vit@mnist,8,48,4e-4,1,0.9905
vit@fashion_mnist-298,28092,vit@fashion_mnist,8,576,1e-3,12,0.9329
vit@fashion_mnist-299,28092,vit@fashion_mnist,8,576,1e-3,12,0.9329
vit@cifar100-300,28092,vit@cifar100,8,576,1e-3,12,0.7871
vit@cifar100-301,28092,vit@cifar100,8,576,1e-3,12,0.7871
vit@cifar100-302,28092,vit@cifar100,8,576,1e-3,12,0.7871
vit@imagenet-split-1-303,28093,vit@imagenet-split-1,8,384,1e-3,8,0.9122666666666667
vit@fashion_mnist-304,28093,vit@fashion_mnist,8,576,1e-3,12,0.9329
vit@imagenet-split-1-305,28093,vit@imagenet-split-1,8,384,1e-3,8,0.9122666666666667
vit@imagenet-split-0-306,28093,vit@imagenet-split-0,8,192,1e-3,4,0.9728
vit@fashion_mnist-307,28093,vit@fashion_mnist,8,576,1e-3,12,0.9329
vit@cifar100-308,28093,vit@cifar100,8,576,1e-3,12,0.7871
vit@cifar100-309,28093,vit@cifar100,8,576,1e-3,12,0.7871
vit@imagenet-split-0-310,28093,vit@imagenet-split-0,8,192,1e-3,4,0.9728
vit@cifar100-311,28093,vit@cifar100,8,576,1e-3,12,0.7871
vit@cifar100-312,28093,vit@cifar100,8,576,1e-3,12,0.7871
vit@imagenet-split-1-313,28093,vit@imagenet-split-1,8,384,1e-3,8,0.9122666666666667
vit@imagenet-split-1-314,28094,vit@imagenet-split-1,8,384,1e-3,8,0.9122666666666667
vit@imagenet-split-0-315,28094,vit@imagenet-split-0,8,192,1e-3,4,0.9728
vit@cifar100-316,28340,vit@cifar100,8,576,1e-3,12,0.7871
vit@imagenet-split-2-317,28449,vit@imagenet-split-2,2,48,4e-4,1,0.8862
vit@imagenet-split-1-318,28634,vit@imagenet-split-1,8,384,1e-3,8,0.9122666666666667
vit@frgfm#imagenette-319,28673,vit@frgfm#imagenette,1,48,4e-4,1,0.9903184713375797
