name,submission_time,application,num_gpus,target_batch_size,target_lr,target_gradient_steps,target_metric
vit@frgfm#imagenette-0,45,vit@frgfm#imagenette,1,48,4e-4,1,0.9903184713375797
vit@imagenet-split-1-1,92,vit@imagenet-split-1,4,384,1e-3,8,0.9122666666666667
vit@frgfm#imagenette-2,491,vit@frgfm#imagenette,1,48,4e-4,1,0.9903184713375797
vit@Bingsu#Cat_and_Dog-3,766,vit@Bingsu#Cat_and_Dog,1,576,1e-4,12,0.9975
vit@food101-4,786,vit@food101,8,48,4e-4,1,0.824990099009901
vit@imagenet-split-0-5,1280,vit@imagenet-split-0,1,192,1e-3,4,0.9728
vit@Bingsu#Cat_and_Dog-6,1322,vit@Bingsu#Cat_and_Dog,1,576,1e-4,12,0.9975
vit@mnist-7,1576,vit@mnist,8,48,4e-4,1,0.9905
vit@Bingsu#Cat_and_Dog-8,1747,vit@Bingsu#Cat_and_Dog,1,576,1e-4,12,0.9975
vit@imagenet-split-2-9,1987,vit@imagenet-split-2,8,48,4e-4,1,0.8862
vit@imagenet-split-1-10,2229,vit@imagenet-split-1,8,384,1e-3,8,0.9122666666666667
vit@imagenet-split-2-11,2296,vit@imagenet-split-2,2,48,4e-4,1,0.8862
vit@food101-12,2296,vit@food101,2,48,4e-4,1,0.824990099009901
vit@mnist-13,2374,vit@mnist,1,48,4e-4,1,0.9905
vit@imagenet-split-1-14,2634,vit@imagenet-split-1,4,384,1e-3,8,0.9122666666666667
vit@imagenet-split-2-15,2660,vit@imagenet-split-2,8,48,4e-4,1,0.8862
vit@mnist-16,3002,vit@mnist,8,48,4e-4,1,0.9905
vit@mnist-17,3002,vit@mnist,8,48,4e-4,1,0.9905
vit@imagenet-split-0-18,3014,vit@imagenet-split-0,4,192,1e-3,4,0.9728
vit@imagenet-split-1-19,3350,vit@imagenet-split-1,4,384,1e-3,8,0.9122666666666667
vit@frgfm#imagenette-20,3459,vit@frgfm#imagenette,1,48,4e-4,1,0.9903184713375797
vit@frgfm#imagenette-21,3853,vit@frgfm#imagenette,1,48,4e-4,1,0.9903184713375797
vit@imagenet-split-2-22,3999,vit@imagenet-split-2,2,48,4e-4,1,0.8862
vit@frgfm#imagenette-23,4072,vit@frgfm#imagenette,1,48,4e-4,1,0.9903184713375797
vit@Bingsu#Cat_and_Dog-24,4256,vit@Bingsu#Cat_and_Dog,1,576,1e-4,12,0.9975
vit@Bingsu#Cat_and_Dog-25,4295,vit@Bingsu#Cat_and_Dog,1,576,1e-4,12,0.9975
vit@mnist-26,4853,vit@mnist,8,48,4e-4,1,0.9905
vit@fashion_mnist-27,4853,vit@fashion_mnist,8,576,1e-3,12,0.9329
vit@food101-28,4906,vit@food101,4,48,4e-4,1,0.824990099009901
vit@food101-29,4906,vit@food101,2,48,4e-4,1,0.824990099009901
vit@fashion_mnist-30,5098,vit@fashion_mnist,8,576,1e-3,12,0.9329
vit@fashion_mnist-31,5295,vit@fashion_mnist,8,576,1e-3,12,0.9329
vit@Bingsu#Cat_and_Dog-32,5345,vit@Bingsu#Cat_and_Dog,1,576,1e-4,12,0.9975
vit@frgfm#imagenette-33,5792,vit@frgfm#imagenette,1,48,4e-4,1,0.9903184713375797
vit@imagenet-split-2-34,6003,vit@imagenet-split-2,2,48,4e-4,1,0.8862
vit@food101-35,6022,vit@food101,2,48,4e-4,1,0.824990099009901
vit@food101-36,6111,vit@food101,2,48,4e-4,1,0.824990099009901
vit@fashion_mnist-37,6432,vit@fashion_mnist,1,576,1e-3,12,0.9329
vit@mnist-38,6467,vit@mnist,8,48,4e-4,1,0.9905
vit@frgfm#imagenette-39,6828,vit@frgfm#imagenette,1,48,4e-4,1,0.9903184713375797
vit@mnist-40,6858,vit@mnist,1,48,4e-4,1,0.9905
vit@fashion_mnist-41,6987,vit@fashion_mnist,4,576,1e-3,12,0.9329
vit@cifar100-42,7000,vit@cifar100,1,576,1e-3,12,0.7871
vit@frgfm#imagenette-43,7190,vit@frgfm#imagenette,1,48,4e-4,1,0.9903184713375797
vit@Bingsu#Cat_and_Dog-44,7206,vit@Bingsu#Cat_and_Dog,1,576,1e-4,12,0.9975
vit@imagenet-split-0-45,7246,vit@imagenet-split-0,4,192,1e-3,4,0.9728
vit@cifar100-46,7246,vit@cifar100,4,576,1e-3,12,0.7871
vit@imagenet-split-1-47,7328,vit@imagenet-split-1,4,384,1e-3,8,0.9122666666666667
vit@fashion_mnist-48,7380,vit@fashion_mnist,4,576,1e-3,12,0.9329
vit@cifar100-49,7430,vit@cifar100,4,576,1e-3,12,0.7871
vit@fashion_mnist-50,7455,vit@fashion_mnist,4,576,1e-3,12,0.9329
vit@imagenet-split-1-51,7490,vit@imagenet-split-1,4,384,1e-3,8,0.9122666666666667
vit@Bingsu#Cat_and_Dog-52,7516,vit@Bingsu#Cat_and_Dog,1,576,1e-4,12,0.9975
vit@imagenet-split-1-53,7570,vit@imagenet-split-1,4,384,1e-3,8,0.9122666666666667
vit@imagenet-split-2-54,7579,vit@imagenet-split-2,2,48,4e-4,1,0.8862
vit@cifar100-55,7670,vit@cifar100,4,576,1e-3,12,0.7871
vit@mnist-56,7719,vit@mnist,4,48,4e-4,1,0.9905
vit@frgfm#imagenette-57,7774,vit@frgfm#imagenette,1,48,4e-4,1,0.9903184713375797
vit@imagenet-split-0-58,7814,vit@imagenet-split-0,4,192,1e-3,4,0.9728
vit@imagenet-split-2-59,7829,vit@imagenet-split-2,2,48,4e-4,1,0.8862
vit@frgfm#imagenette-60,7936,vit@frgfm#imagenette,1,48,4e-4,1,0.9903184713375797
vit@Bingsu#Cat_and_Dog-61,7949,vit@Bingsu#Cat_and_Dog,1,576,1e-4,12,0.9975
vit@fashion_mnist-62,8016,vit@fashion_mnist,4,576,1e-3,12,0.9329
vit@cifar100-63,8044,vit@cifar100,1,576,1e-3,12,0.7871
vit@imagenet-split-1-64,8065,vit@imagenet-split-1,4,384,1e-3,8,0.9122666666666667
vit@Bingsu#Cat_and_Dog-65,8067,vit@Bingsu#Cat_and_Dog,1,576,1e-4,12,0.9975
vit@imagenet-split-0-66,8089,vit@imagenet-split-0,1,192,1e-3,4,0.9728
vit@imagenet-split-1-67,8116,vit@imagenet-split-1,4,384,1e-3,8,0.9122666666666667
vit@fashion_mnist-68,8134,vit@fashion_mnist,1,576,1e-3,12,0.9329
vit@imagenet-split-1-69,8169,vit@imagenet-split-1,4,384,1e-3,8,0.9122666666666667
vit@frgfm#imagenette-70,8217,vit@frgfm#imagenette,1,48,4e-4,1,0.9903184713375797
vit@imagenet-split-2-71,8219,vit@imagenet-split-2,4,48,4e-4,1,0.8862
vit@imagenet-split-1-72,8245,vit@imagenet-split-1,1,384,1e-3,8,0.9122666666666667
vit@mnist-73,8250,vit@mnist,1,48,4e-4,1,0.9905
vit@cifar100-74,8260,vit@cifar100,1,576,1e-3,12,0.7871
vit@imagenet-split-0-75,8264,vit@imagenet-split-0,1,192,1e-3,4,0.9728
vit@imagenet-split-1-76,8267,vit@imagenet-split-1,1,384,1e-3,8,0.9122666666666667
vit@Bingsu#Cat_and_Dog-77,8364,vit@Bingsu#Cat_and_Dog,1,576,1e-4,12,0.9975
vit@imagenet-split-1-78,8389,vit@imagenet-split-1,1,384,1e-3,8,0.9122666666666667
vit@fashion_mnist-79,8415,vit@fashion_mnist,8,576,1e-3,12,0.9329
vit@Bingsu#Cat_and_Dog-80,8718,vit@Bingsu#Cat_and_Dog,1,576,1e-4,12,0.9975
vit@cifar100-81,8748,vit@cifar100,2,576,1e-3,12,0.7871
vit@imagenet-split-2-82,8767,vit@imagenet-split-2,2,48,4e-4,1,0.8862
vit@cifar100-83,8768,vit@cifar100,1,576,1e-3,12,0.7871
vit@Bingsu#Cat_and_Dog-84,8785,vit@Bingsu#Cat_and_Dog,1,576,1e-4,12,0.9975
vit@frgfm#imagenette-85,8821,vit@frgfm#imagenette,1,48,4e-4,1,0.9903184713375797
vit@Bingsu#Cat_and_Dog-86,8909,vit@Bingsu#Cat_and_Dog,1,576,1e-4,12,0.9975
vit@Bingsu#Cat_and_Dog-87,8910,vit@Bingsu#Cat_and_Dog,1,576,1e-4,12,0.9975
vit@frgfm#imagenette-88,9026,vit@frgfm#imagenette,1,48,4e-4,1,0.9903184713375797
vit@fashion_mnist-89,9062,vit@fashion_mnist,1,576,1e-3,12,0.9329
vit@frgfm#imagenette-90,9147,vit@frgfm#imagenette,1,48,4e-4,1,0.9903184713375797
vit@imagenet-split-1-91,9234,vit@imagenet-split-1,8,384,1e-3,8,0.9122666666666667
vit@food101-92,9491,vit@food101,8,48,4e-4,1,0.824990099009901
vit@frgfm#imagenette-93,9538,vit@frgfm#imagenette,1,48,4e-4,1,0.9903184713375797
vit@frgfm#imagenette-94,9538,vit@frgfm#imagenette,1,48,4e-4,1,0.9903184713375797
vit@frgfm#imagenette-95,9538,vit@frgfm#imagenette,1,48,4e-4,1,0.9903184713375797
vit@frgfm#imagenette-96,9538,vit@frgfm#imagenette,1,48,4e-4,1,0.9903184713375797
vit@frgfm#imagenette-97,9538,vit@frgfm#imagenette,1,48,4e-4,1,0.9903184713375797
vit@frgfm#imagenette-98,9538,vit@frgfm#imagenette,1,48,4e-4,1,0.9903184713375797
vit@frgfm#imagenette-99,9538,vit@frgfm#imagenette,1,48,4e-4,1,0.9903184713375797
vit@Bingsu#Cat_and_Dog-100,9538,vit@Bingsu#Cat_and_Dog,1,576,1e-4,12,0.9975
vit@frgfm#imagenette-101,9539,vit@frgfm#imagenette,1,48,4e-4,1,0.9903184713375797
vit@Bingsu#Cat_and_Dog-102,9539,vit@Bingsu#Cat_and_Dog,1,576,1e-4,12,0.9975
vit@frgfm#imagenette-103,9539,vit@frgfm#imagenette,1,48,4e-4,1,0.9903184713375797
vit@Bingsu#Cat_and_Dog-104,9539,vit@Bingsu#Cat_and_Dog,1,576,1e-4,12,0.9975
vit@Bingsu#Cat_and_Dog-105,9548,vit@Bingsu#Cat_and_Dog,1,576,1e-4,12,0.9975
vit@frgfm#imagenette-106,9612,vit@frgfm#imagenette,1,48,4e-4,1,0.9903184713375797
vit@Bingsu#Cat_and_Dog-107,9707,vit@Bingsu#Cat_and_Dog,1,576,1e-4,12,0.9975
vit@imagenet-split-0-108,9952,vit@imagenet-split-0,8,192,1e-3,4,0.9728
vit@frgfm#imagenette-109,10052,vit@frgfm#imagenette,1,48,4e-4,1,0.9903184713375797
vit@Bingsu#Cat_and_Dog-110,10247,vit@Bingsu#Cat_and_Dog,1,576,1e-4,12,0.9975
vit@imagenet-split-1-111,10259,vit@imagenet-split-1,8,384,1e-3,8,0.9122666666666667
vit@mnist-112,10408,vit@mnist,12,48,4e-4,1,0.9905
vit@Bingsu#Cat_and_Dog-113,10414,vit@Bingsu#Cat_and_Dog,2,576,1e-4,12,0.9975
vit@frgfm#imagenette-114,10462,vit@frgfm#imagenette,1,48,4e-4,1,0.9903184713375797
vit@Bingsu#Cat_and_Dog-115,10587,vit@Bingsu#Cat_and_Dog,1,576,1e-4,12,0.9975
vit@Bingsu#Cat_and_Dog-116,10613,vit@Bingsu#Cat_and_Dog,1,576,1e-4,12,0.9975
vit@food101-117,10617,vit@food101,2,48,4e-4,1,0.824990099009901
vit@imagenet-split-2-118,10617,vit@imagenet-split-2,2,48,4e-4,1,0.8862
vit@food101-119,10618,vit@food101,2,48,4e-4,1,0.824990099009901
vit@food101-120,10618,vit@food101,2,48,4e-4,1,0.824990099009901
vit@imagenet-split-2-121,10619,vit@imagenet-split-2,8,48,4e-4,1,0.8862
vit@imagenet-split-2-122,10620,vit@imagenet-split-2,2,48,4e-4,1,0.8862
vit@food101-123,10620,vit@food101,2,48,4e-4,1,0.824990099009901
vit@imagenet-split-2-124,10620,vit@imagenet-split-2,2,48,4e-4,1,0.8862
vit@frgfm#imagenette-125,10835,vit@frgfm#imagenette,2,48,4e-4,1,0.9903184713375797
vit@fashion_mnist-126,10851,vit@fashion_mnist,8,576,1e-3,12,0.9329
vit@frgfm#imagenette-127,10959,vit@frgfm#imagenette,1,48,4e-4,1,0.9903184713375797
vit@frgfm#imagenette-128,11014,vit@frgfm#imagenette,1,48,4e-4,1,0.9903184713375797
vit@frgfm#imagenette-129,11194,vit@frgfm#imagenette,2,48,4e-4,1,0.9903184713375797
vit@frgfm#imagenette-130,11370,vit@frgfm#imagenette,2,48,4e-4,1,0.9903184713375797
vit@Bingsu#Cat_and_Dog-131,11370,vit@Bingsu#Cat_and_Dog,1,576,1e-4,12,0.9975
vit@frgfm#imagenette-132,11554,vit@frgfm#imagenette,2,48,4e-4,1,0.9903184713375797
vit@frgfm#imagenette-133,11696,vit@frgfm#imagenette,1,48,4e-4,1,0.9903184713375797
vit@frgfm#imagenette-134,11714,vit@frgfm#imagenette,1,48,4e-4,1,0.9903184713375797
vit@mnist-135,12013,vit@mnist,1,48,4e-4,1,0.9905
vit@frgfm#imagenette-136,12033,vit@frgfm#imagenette,1,48,4e-4,1,0.9903184713375797
vit@Bingsu#Cat_and_Dog-137,12036,vit@Bingsu#Cat_and_Dog,1,576,1e-4,12,0.9975
vit@frgfm#imagenette-138,12037,vit@frgfm#imagenette,1,48,4e-4,1,0.9903184713375797
vit@cifar100-139,12040,vit@cifar100,1,576,1e-3,12,0.7871
vit@imagenet-split-1-140,12063,vit@imagenet-split-1,8,384,1e-3,8,0.9122666666666667
vit@Bingsu#Cat_and_Dog-141,12079,vit@Bingsu#Cat_and_Dog,1,576,1e-4,12,0.9975
vit@imagenet-split-2-142,12082,vit@imagenet-split-2,2,48,4e-4,1,0.8862
vit@fashion_mnist-143,12126,vit@fashion_mnist,2,576,1e-3,12,0.9329
vit@mnist-144,12350,vit@mnist,12,48,4e-4,1,0.9905
vit@Bingsu#Cat_and_Dog-145,12378,vit@Bingsu#Cat_and_Dog,1,576,1e-4,12,0.9975
vit@Bingsu#Cat_and_Dog-146,12438,vit@Bingsu#Cat_and_Dog,1,576,1e-4,12,0.9975
vit@imagenet-split-1-147,12456,vit@imagenet-split-1,16,384,1e-3,8,0.9122666666666667
vit@frgfm#imagenette-148,12633,vit@frgfm#imagenette,2,48,4e-4,1,0.9903184713375797
vit@imagenet-split-1-149,12671,vit@imagenet-split-1,8,384,1e-3,8,0.9122666666666667
vit@imagenet-split-2-150,12781,vit@imagenet-split-2,2,48,4e-4,1,0.8862
vit@Bingsu#Cat_and_Dog-151,12840,vit@Bingsu#Cat_and_Dog,1,576,1e-4,12,0.9975
vit@imagenet-split-1-152,12970,vit@imagenet-split-1,8,384,1e-3,8,0.9122666666666667
vit@imagenet-split-0-153,12975,vit@imagenet-split-0,8,192,1e-3,4,0.9728
vit@Bingsu#Cat_and_Dog-154,13108,vit@Bingsu#Cat_and_Dog,1,576,1e-4,12,0.9975
vit@frgfm#imagenette-155,13151,vit@frgfm#imagenette,1,48,4e-4,1,0.9903184713375797
vit@Bingsu#Cat_and_Dog-156,13205,vit@Bingsu#Cat_and_Dog,1,576,1e-4,12,0.9975
vit@food101-157,13456,vit@food101,2,48,4e-4,1,0.824990099009901
vit@frgfm#imagenette-158,13468,vit@frgfm#imagenette,1,48,4e-4,1,0.9903184713375797
vit@fashion_mnist-159,13470,vit@fashion_mnist,4,576,1e-3,12,0.9329
vit@frgfm#imagenette-160,13481,vit@frgfm#imagenette,1,48,4e-4,1,0.9903184713375797
vit@imagenet-split-2-161,13613,vit@imagenet-split-2,2,48,4e-4,1,0.8862
vit@Bingsu#Cat_and_Dog-162,13911,vit@Bingsu#Cat_and_Dog,1,576,1e-4,12,0.9975
vit@food101-163,14031,vit@food101,8,48,4e-4,1,0.824990099009901
vit@Bingsu#Cat_and_Dog-164,14066,vit@Bingsu#Cat_and_Dog,1,576,1e-4,12,0.9975
vit@food101-165,14109,vit@food101,2,48,4e-4,1,0.824990099009901
vit@frgfm#imagenette-166,14233,vit@frgfm#imagenette,1,48,4e-4,1,0.9903184713375797
vit@cifar100-167,14275,vit@cifar100,1,576,1e-3,12,0.7871
vit@frgfm#imagenette-168,14353,vit@frgfm#imagenette,1,48,4e-4,1,0.9903184713375797
vit@fashion_mnist-169,14487,vit@fashion_mnist,1,576,1e-3,12,0.9329
vit@frgfm#imagenette-170,14563,vit@frgfm#imagenette,1,48,4e-4,1,0.9903184713375797
vit@imagenet-split-1-171,14986,vit@imagenet-split-1,8,384,1e-3,8,0.9122666666666667
vit@cifar100-172,15067,vit@cifar100,8,576,1e-3,12,0.7871
vit@fashion_mnist-173,15070,vit@fashion_mnist,1,576,1e-3,12,0.9329
vit@imagenet-split-1-174,15073,vit@imagenet-split-1,1,384,1e-3,8,0.9122666666666667
vit@mnist-175,15150,vit@mnist,1,48,4e-4,1,0.9905
vit@imagenet-split-0-176,15165,vit@imagenet-split-0,8,192,1e-3,4,0.9728
vit@imagenet-split-2-177,15304,vit@imagenet-split-2,4,48,4e-4,1,0.8862
vit@imagenet-split-1-178,15342,vit@imagenet-split-1,1,384,1e-3,8,0.9122666666666667
vit@fashion_mnist-179,15496,vit@fashion_mnist,8,576,1e-3,12,0.9329
vit@fashion_mnist-180,15498,vit@fashion_mnist,8,576,1e-3,12,0.9329
vit@Bingsu#Cat_and_Dog-181,16030,vit@Bingsu#Cat_and_Dog,1,576,1e-4,12,0.9975
vit@Bingsu#Cat_and_Dog-182,16033,vit@Bingsu#Cat_and_Dog,1,576,1e-4,12,0.9975
vit@cifar100-183,16037,vit@cifar100,1,576,1e-3,12,0.7871
vit@cifar100-184,16132,vit@cifar100,8,576,1e-3,12,0.7871
vit@frgfm#imagenette-185,16398,vit@frgfm#imagenette,1,48,4e-4,1,0.9903184713375797
vit@frgfm#imagenette-186,16772,vit@frgfm#imagenette,1,48,4e-4,1,0.9903184713375797
vit@frgfm#imagenette-187,16773,vit@frgfm#imagenette,1,48,4e-4,1,0.9903184713375797
vit@fashion_mnist-188,17039,vit@fashion_mnist,8,576,1e-3,12,0.9329
vit@frgfm#imagenette-189,17119,vit@frgfm#imagenette,1,48,4e-4,1,0.9903184713375797
vit@frgfm#imagenette-190,17132,vit@frgfm#imagenette,1,48,4e-4,1,0.9903184713375797
vit@frgfm#imagenette-191,17154,vit@frgfm#imagenette,1,48,4e-4,1,0.9903184713375797
vit@food101-192,17159,vit@food101,2,48,4e-4,1,0.824990099009901
vit@food101-193,17263,vit@food101,2,48,4e-4,1,0.824990099009901
vit@food101-194,17307,vit@food101,2,48,4e-4,1,0.824990099009901
vit@frgfm#imagenette-195,17581,vit@frgfm#imagenette,1,48,4e-4,1,0.9903184713375797
vit@Bingsu#Cat_and_Dog-196,17864,vit@Bingsu#Cat_and_Dog,1,576,1e-4,12,0.9975
vit@food101-197,18125,vit@food101,8,48,4e-4,1,0.824990099009901
vit@Bingsu#Cat_and_Dog-198,18187,vit@Bingsu#Cat_and_Dog,1,576,1e-4,12,0.9975
vit@food101-199,18254,vit@food101,4,48,4e-4,1,0.824990099009901
vit@Bingsu#Cat_and_Dog-200,18401,vit@Bingsu#Cat_and_Dog,1,576,1e-4,12,0.9975
vit@Bingsu#Cat_and_Dog-201,18413,vit@Bingsu#Cat_and_Dog,1,576,1e-4,12,0.9975
vit@frgfm#imagenette-202,18548,vit@frgfm#imagenette,1,48,4e-4,1,0.9903184713375797
vit@mnist-203,18596,vit@mnist,8,48,4e-4,1,0.9905
vit@imagenet-split-2-204,18613,vit@imagenet-split-2,2,48,4e-4,1,0.8862
vit@Bingsu#Cat_and_Dog-205,18810,vit@Bingsu#Cat_and_Dog,1,576,1e-4,12,0.9975
vit@Bingsu#Cat_and_Dog-206,18835,vit@Bingsu#Cat_and_Dog,1,576,1e-4,12,0.9975
vit@cifar100-207,19136,vit@cifar100,8,576,1e-3,12,0.7871
vit@cifar100-208,19136,vit@cifar100,8,576,1e-3,12,0.7871
vit@cifar100-209,19136,vit@cifar100,8,576,1e-3,12,0.7871
vit@imagenet-split-1-210,19136,vit@imagenet-split-1,8,384,1e-3,8,0.9122666666666667
vit@food101-211,19137,vit@food101,2,48,4e-4,1,0.824990099009901
vit@cifar100-212,19137,vit@cifar100,8,576,1e-3,12,0.7871
vit@imagenet-split-2-213,19137,vit@imagenet-split-2,8,48,4e-4,1,0.8862
vit@Bingsu#Cat_and_Dog-214,19211,vit@Bingsu#Cat_and_Dog,1,576,1e-4,12,0.9975
vit@fashion_mnist-215,19247,vit@fashion_mnist,8,576,1e-3,12,0.9329
vit@imagenet-split-1-216,19247,vit@imagenet-split-1,8,384,1e-3,8,0.9122666666666667
vit@mnist-217,19247,vit@mnist,8,48,4e-4,1,0.9905
vit@imagenet-split-1-218,19247,vit@imagenet-split-1,8,384,1e-3,8,0.9122666666666667
vit@cifar100-219,19247,vit@cifar100,8,576,1e-3,12,0.7871
vit@imagenet-split-0-220,19247,vit@imagenet-split-0,8,192,1e-3,4,0.9728
vit@imagenet-split-0-221,19247,vit@imagenet-split-0,8,192,1e-3,4,0.9728
vit@mnist-222,19247,vit@mnist,8,48,4e-4,1,0.9905
vit@mnist-223,19247,vit@mnist,8,48,4e-4,1,0.9905
vit@imagenet-split-1-224,19247,vit@imagenet-split-1,8,384,1e-3,8,0.9122666666666667
vit@fashion_mnist-225,19248,vit@fashion_mnist,8,576,1e-3,12,0.9329
vit@frgfm#imagenette-226,19311,vit@frgfm#imagenette,1,48,4e-4,1,0.9903184713375797
vit@frgfm#imagenette-227,19526,vit@frgfm#imagenette,1,48,4e-4,1,0.9903184713375797
vit@fashion_mnist-228,19734,vit@fashion_mnist,1,576,1e-3,12,0.9329
vit@frgfm#imagenette-229,19766,vit@frgfm#imagenette,1,48,4e-4,1,0.9903184713375797
vit@food101-230,20006,vit@food101,2,48,4e-4,1,0.824990099009901
vit@frgfm#imagenette-231,20047,vit@frgfm#imagenette,1,48,4e-4,1,0.9903184713375797
vit@cifar100-232,20140,vit@cifar100,1,576,1e-3,12,0.7871
vit@Bingsu#Cat_and_Dog-233,20354,vit@Bingsu#Cat_and_Dog,1,576,1e-4,12,0.9975
vit@Bingsu#Cat_and_Dog-234,20361,vit@Bingsu#Cat_and_Dog,1,576,1e-4,12,0.9975
vit@imagenet-split-1-235,20386,vit@imagenet-split-1,1,384,1e-3,8,0.9122666666666667
vit@frgfm#imagenette-236,20473,vit@frgfm#imagenette,1,48,4e-4,1,0.9903184713375797
vit@mnist-237,20729,vit@mnist,8,48,4e-4,1,0.9905
vit@food101-238,20745,vit@food101,2,48,4e-4,1,0.824990099009901
vit@Bingsu#Cat_and_Dog-239,21050,vit@Bingsu#Cat_and_Dog,1,576,1e-4,12,0.9975
vit@fashion_mnist-240,21147,vit@fashion_mnist,8,576,1e-3,12,0.9329
vit@imagenet-split-1-241,21147,vit@imagenet-split-1,8,384,1e-3,8,0.9122666666666667
vit@Bingsu#Cat_and_Dog-242,21258,vit@Bingsu#Cat_and_Dog,1,576,1e-4,12,0.9975
vit@imagenet-split-0-243,21333,vit@imagenet-split-0,1,192,1e-3,4,0.9728
vit@mnist-244,21547,vit@mnist,8,48,4e-4,1,0.9905
vit@fashion_mnist-245,21547,vit@fashion_mnist,8,576,1e-3,12,0.9329
vit@imagenet-split-1-246,21547,vit@imagenet-split-1,8,384,1e-3,8,0.9122666666666667
vit@mnist-247,21547,vit@mnist,8,48,4e-4,1,0.9905
vit@fashion_mnist-248,21547,vit@fashion_mnist,8,576,1e-3,12,0.9329
vit@imagenet-split-1-249,21547,vit@imagenet-split-1,8,384,1e-3,8,0.9122666666666667
vit@cifar100-250,21547,vit@cifar100,8,576,1e-3,12,0.7871
vit@fashion_mnist-251,21547,vit@fashion_mnist,8,576,1e-3,12,0.9329
vit@imagenet-split-1-252,21547,vit@imagenet-split-1,8,384,1e-3,8,0.9122666666666667
vit@imagenet-split-1-253,21547,vit@imagenet-split-1,8,384,1e-3,8,0.9122666666666667
vit@imagenet-split-0-254,21547,vit@imagenet-split-0,8,192,1e-3,4,0.9728
vit@fashion_mnist-255,21547,vit@fashion_mnist,8,576,1e-3,12,0.9329
vit@imagenet-split-0-256,21547,vit@imagenet-split-0,8,192,1e-3,4,0.9728
vit@cifar100-257,21547,vit@cifar100,8,576,1e-3,12,0.7871
vit@mnist-258,21547,vit@mnist,8,48,4e-4,1,0.9905
vit@fashion_mnist-259,21547,vit@fashion_mnist,8,576,1e-3,12,0.9329
vit@fashion_mnist-260,21547,vit@fashion_mnist,8,576,1e-3,12,0.9329
vit@cifar100-261,21548,vit@cifar100,8,576,1e-3,12,0.7871
vit@cifar100-262,21548,vit@cifar100,8,576,1e-3,12,0.7871
vit@imagenet-split-0-263,21548,vit@imagenet-split-0,8,192,1e-3,4,0.9728
vit@fashion_mnist-264,21548,vit@fashion_mnist,8,576,1e-3,12,0.9329
vit@imagenet-split-0-265,21548,vit@imagenet-split-0,8,192,1e-3,4,0.9728
vit@imagenet-split-1-266,21548,vit@imagenet-split-1,8,384,1e-3,8,0.9122666666666667
vit@cifar100-267,21548,vit@cifar100,8,576,1e-3,12,0.7871
vit@imagenet-split-0-268,21548,vit@imagenet-split-0,8,192,1e-3,4,0.9728
vit@mnist-269,21548,vit@mnist,8,48,4e-4,1,0.9905
vit@fashion_mnist-270,21548,vit@fashion_mnist,8,576,1e-3,12,0.9329
vit@fashion_mnist-271,21548,vit@fashion_mnist,8,576,1e-3,12,0.9329
vit@imagenet-split-1-272,21548,vit@imagenet-split-1,8,384,1e-3,8,0.9122666666666667
vit@mnist-273,21548,vit@mnist,8,48,4e-4,1,0.9905
vit@mnist-274,21548,vit@mnist,8,48,4e-4,1,0.9905
vit@Bingsu#Cat_and_Dog-275,21677,vit@Bingsu#Cat_and_Dog,1,576,1e-4,12,0.9975
vit@Bingsu#Cat_and_Dog-276,21807,vit@Bingsu#Cat_and_Dog,1,576,1e-4,12,0.9975
vit@Bingsu#Cat_and_Dog-277,21891,vit@Bingsu#Cat_and_Dog,1,576,1e-4,12,0.9975
vit@frgfm#imagenette-278,22099,vit@frgfm#imagenette,1,48,4e-4,1,0.9903184713375797
vit@food101-279,22179,vit@food101,2,48,4e-4,1,0.824990099009901
vit@frgfm#imagenette-280,22210,vit@frgfm#imagenette,1,48,4e-4,1,0.9903184713375797
vit@cifar100-281,22260,vit@cifar100,8,576,1e-3,12,0.7871
vit@frgfm#imagenette-282,22395,vit@frgfm#imagenette,1,48,4e-4,1,0.9903184713375797
vit@Bingsu#Cat_and_Dog-283,22488,vit@Bingsu#Cat_and_Dog,1,576,1e-4,12,0.9975
vit@imagenet-split-1-284,22634,vit@imagenet-split-1,16,384,1e-3,8,0.9122666666666667
vit@mnist-285,22654,vit@mnist,8,48,4e-4,1,0.9905
vit@imagenet-split-1-286,22654,vit@imagenet-split-1,8,384,1e-3,8,0.9122666666666667
vit@cifar100-287,22654,vit@cifar100,8,576,1e-3,12,0.7871
vit@imagenet-split-0-288,22654,vit@imagenet-split-0,8,192,1e-3,4,0.9728
vit@fashion_mnist-289,22654,vit@fashion_mnist,8,576,1e-3,12,0.9329
vit@mnist-290,22654,vit@mnist,8,48,4e-4,1,0.9905
vit@imagenet-split-1-291,22654,vit@imagenet-split-1,8,384,1e-3,8,0.9122666666666667
vit@fashion_mnist-292,22654,vit@fashion_mnist,8,576,1e-3,12,0.9329
vit@fashion_mnist-293,22654,vit@fashion_mnist,8,576,1e-3,12,0.9329
vit@imagenet-split-1-294,22654,vit@imagenet-split-1,8,384,1e-3,8,0.9122666666666667
vit@imagenet-split-1-295,22654,vit@imagenet-split-1,8,384,1e-3,8,0.9122666666666667
vit@cifar100-296,22654,vit@cifar100,8,576,1e-3,12,0.7871
vit@mnist-297,22654,vit@mnist,8,48,4e-4,1,0.9905
vit@imagenet-split-0-298,22654,vit@imagenet-split-0,8,192,1e-3,4,0.9728
vit@fashion_mnist-299,22654,vit@fashion_mnist,8,576,1e-3,12,0.9329
vit@fashion_mnist-300,22654,vit@fashion_mnist,8,576,1e-3,12,0.9329
vit@imagenet-split-1-301,22654,vit@imagenet-split-1,8,384,1e-3,8,0.9122666666666667
vit@mnist-302,22654,vit@mnist,8,48,4e-4,1,0.9905
vit@imagenet-split-0-303,22654,vit@imagenet-split-0,8,192,1e-3,4,0.9728
vit@imagenet-split-0-304,22654,vit@imagenet-split-0,8,192,1e-3,4,0.9728
vit@cifar100-305,22655,vit@cifar100,8,576,1e-3,12,0.7871
vit@imagenet-split-1-306,22655,vit@imagenet-split-1,8,384,1e-3,8,0.9122666666666667
vit@cifar100-307,22655,vit@cifar100,8,576,1e-3,12,0.7871
vit@imagenet-split-1-308,22655,vit@imagenet-split-1,8,384,1e-3,8,0.9122666666666667
vit@mnist-309,22655,vit@mnist,8,48,4e-4,1,0.9905
vit@imagenet-split-0-310,22655,vit@imagenet-split-0,8,192,1e-3,4,0.9728
vit@fashion_mnist-311,22655,vit@fashion_mnist,8,576,1e-3,12,0.9329
vit@mnist-312,22655,vit@mnist,8,48,4e-4,1,0.9905
vit@mnist-313,22655,vit@mnist,8,48,4e-4,1,0.9905
vit@cifar100-314,22655,vit@cifar100,8,576,1e-3,12,0.7871
vit@imagenet-split-1-315,22655,vit@imagenet-split-1,8,384,1e-3,8,0.9122666666666667
vit@fashion_mnist-316,22655,vit@fashion_mnist,8,576,1e-3,12,0.9329
vit@cifar100-317,22655,vit@cifar100,8,576,1e-3,12,0.7871
vit@imagenet-split-1-318,22655,vit@imagenet-split-1,8,384,1e-3,8,0.9122666666666667
vit@imagenet-split-1-319,22655,vit@imagenet-split-1,8,384,1e-3,8,0.9122666666666667
vit@cifar100-320,22655,vit@cifar100,8,576,1e-3,12,0.7871
vit@imagenet-split-0-321,22655,vit@imagenet-split-0,8,192,1e-3,4,0.9728
vit@cifar100-322,22655,vit@cifar100,8,576,1e-3,12,0.7871
vit@cifar100-323,22655,vit@cifar100,8,576,1e-3,12,0.7871
vit@imagenet-split-1-324,22655,vit@imagenet-split-1,8,384,1e-3,8,0.9122666666666667
vit@cifar100-325,22655,vit@cifar100,8,576,1e-3,12,0.7871
vit@fashion_mnist-326,22655,vit@fashion_mnist,8,576,1e-3,12,0.9329
vit@cifar100-327,22655,vit@cifar100,8,576,1e-3,12,0.7871
vit@cifar100-328,22655,vit@cifar100,8,576,1e-3,12,0.7871
vit@mnist-329,22655,vit@mnist,8,48,4e-4,1,0.9905
vit@fashion_mnist-330,22655,vit@fashion_mnist,8,576,1e-3,12,0.9329
vit@mnist-331,22655,vit@mnist,8,48,4e-4,1,0.9905
vit@imagenet-split-0-332,22655,vit@imagenet-split-0,8,192,1e-3,4,0.9728
vit@imagenet-split-0-333,22655,vit@imagenet-split-0,8,192,1e-3,4,0.9728
vit@mnist-334,22655,vit@mnist,8,48,4e-4,1,0.9905
vit@fashion_mnist-335,22655,vit@fashion_mnist,8,576,1e-3,12,0.9329
vit@cifar100-336,22655,vit@cifar100,8,576,1e-3,12,0.7871
vit@cifar100-337,22655,vit@cifar100,8,576,1e-3,12,0.7871
vit@imagenet-split-0-338,22656,vit@imagenet-split-0,8,192,1e-3,4,0.9728
vit@fashion_mnist-339,22656,vit@fashion_mnist,8,576,1e-3,12,0.9329
vit@fashion_mnist-340,22676,vit@fashion_mnist,1,576,1e-3,12,0.9329
vit@fashion_mnist-341,22823,vit@fashion_mnist,8,576,1e-3,12,0.9329
vit@imagenet-split-1-342,22854,vit@imagenet-split-1,8,384,1e-3,8,0.9122666666666667
vit@Bingsu#Cat_and_Dog-343,22896,vit@Bingsu#Cat_and_Dog,1,576,1e-4,12,0.9975
vit@frgfm#imagenette-344,22913,vit@frgfm#imagenette,1,48,4e-4,1,0.9903184713375797
vit@mnist-345,23018,vit@mnist,8,48,4e-4,1,0.9905
vit@imagenet-split-1-346,23166,vit@imagenet-split-1,8,384,1e-3,8,0.9122666666666667
vit@mnist-347,23166,vit@mnist,8,48,4e-4,1,0.9905
vit@cifar100-348,23166,vit@cifar100,8,576,1e-3,12,0.7871
vit@frgfm#imagenette-349,23231,vit@frgfm#imagenette,1,48,4e-4,1,0.9903184713375797
vit@Bingsu#Cat_and_Dog-350,23258,vit@Bingsu#Cat_and_Dog,1,576,1e-4,12,0.9975
vit@fashion_mnist-351,23298,vit@fashion_mnist,8,576,1e-3,12,0.9329
vit@mnist-352,23298,vit@mnist,8,48,4e-4,1,0.9905
vit@imagenet-split-0-353,23298,vit@imagenet-split-0,8,192,1e-3,4,0.9728
vit@cifar100-354,23298,vit@cifar100,8,576,1e-3,12,0.7871
vit@imagenet-split-2-355,23464,vit@imagenet-split-2,2,48,4e-4,1,0.8862
vit@Bingsu#Cat_and_Dog-356,23564,vit@Bingsu#Cat_and_Dog,1,576,1e-4,12,0.9975
vit@Bingsu#Cat_and_Dog-357,23570,vit@Bingsu#Cat_and_Dog,1,576,1e-4,12,0.9975
vit@imagenet-split-2-358,23797,vit@imagenet-split-2,2,48,4e-4,1,0.8862
vit@imagenet-split-1-359,23833,vit@imagenet-split-1,8,384,1e-3,8,0.9122666666666667
vit@frgfm#imagenette-360,24003,vit@frgfm#imagenette,1,48,4e-4,1,0.9903184713375797
vit@Bingsu#Cat_and_Dog-361,24040,vit@Bingsu#Cat_and_Dog,1,576,1e-4,12,0.9975
vit@frgfm#imagenette-362,24298,vit@frgfm#imagenette,1,48,4e-4,1,0.9903184713375797
vit@fashion_mnist-363,24306,vit@fashion_mnist,8,576,1e-3,12,0.9329
vit@Bingsu#Cat_and_Dog-364,24455,vit@Bingsu#Cat_and_Dog,1,576,1e-4,12,0.9975
vit@imagenet-split-1-365,24583,vit@imagenet-split-1,1,384,1e-3,8,0.9122666666666667
vit@cifar100-366,24591,vit@cifar100,1,576,1e-3,12,0.7871
vit@mnist-367,24611,vit@mnist,1,48,4e-4,1,0.9905
vit@Bingsu#Cat_and_Dog-368,24644,vit@Bingsu#Cat_and_Dog,1,576,1e-4,12,0.9975
vit@imagenet-split-1-369,24709,vit@imagenet-split-1,8,384,1e-3,8,0.9122666666666667
vit@imagenet-split-1-370,24715,vit@imagenet-split-1,1,384,1e-3,8,0.9122666666666667
vit@mnist-371,24768,vit@mnist,8,48,4e-4,1,0.9905
vit@imagenet-split-0-372,24768,vit@imagenet-split-0,8,192,1e-3,4,0.9728
vit@frgfm#imagenette-373,24844,vit@frgfm#imagenette,1,48,4e-4,1,0.9903184713375797
vit@frgfm#imagenette-374,24896,vit@frgfm#imagenette,1,48,4e-4,1,0.9903184713375797
vit@cifar100-375,25005,vit@cifar100,8,576,1e-3,12,0.7871
vit@frgfm#imagenette-376,25026,vit@frgfm#imagenette,1,48,4e-4,1,0.9903184713375797
vit@frgfm#imagenette-377,25165,vit@frgfm#imagenette,1,48,4e-4,1,0.9903184713375797
vit@mnist-378,25286,vit@mnist,4,48,4e-4,1,0.9905
vit@cifar100-379,25291,vit@cifar100,8,576,1e-3,12,0.7871
vit@fashion_mnist-380,25291,vit@fashion_mnist,8,576,1e-3,12,0.9329
vit@fashion_mnist-381,25326,vit@fashion_mnist,8,576,1e-3,12,0.9329
vit@imagenet-split-1-382,25326,vit@imagenet-split-1,8,384,1e-3,8,0.9122666666666667
vit@imagenet-split-0-383,25327,vit@imagenet-split-0,8,192,1e-3,4,0.9728
vit@frgfm#imagenette-384,25383,vit@frgfm#imagenette,1,48,4e-4,1,0.9903184713375797
vit@mnist-385,25460,vit@mnist,8,48,4e-4,1,0.9905
vit@fashion_mnist-386,25475,vit@fashion_mnist,8,576,1e-3,12,0.9329
vit@cifar100-387,25475,vit@cifar100,8,576,1e-3,12,0.7871
vit@imagenet-split-0-388,25501,vit@imagenet-split-0,1,192,1e-3,4,0.9728
vit@cifar100-389,25562,vit@cifar100,4,576,1e-3,12,0.7871
vit@food101-390,25602,vit@food101,2,48,4e-4,1,0.824990099009901
vit@frgfm#imagenette-391,25611,vit@frgfm#imagenette,1,48,4e-4,1,0.9903184713375797
vit@imagenet-split-0-392,25688,vit@imagenet-split-0,1,192,1e-3,4,0.9728
vit@cifar100-393,25892,vit@cifar100,1,576,1e-3,12,0.7871
vit@cifar100-394,25902,vit@cifar100,8,576,1e-3,12,0.7871
vit@frgfm#imagenette-395,25946,vit@frgfm#imagenette,1,48,4e-4,1,0.9903184713375797
vit@Bingsu#Cat_and_Dog-396,26066,vit@Bingsu#Cat_and_Dog,1,576,1e-4,12,0.9975
vit@fashion_mnist-397,26066,vit@fashion_mnist,1,576,1e-3,12,0.9329
vit@Bingsu#Cat_and_Dog-398,26099,vit@Bingsu#Cat_and_Dog,1,576,1e-4,12,0.9975
vit@Bingsu#Cat_and_Dog-399,26106,vit@Bingsu#Cat_and_Dog,1,576,1e-4,12,0.9975
vit@Bingsu#Cat_and_Dog-400,26112,vit@Bingsu#Cat_and_Dog,1,576,1e-4,12,0.9975
vit@cifar100-401,26144,vit@cifar100,1,576,1e-3,12,0.7871
vit@frgfm#imagenette-402,26180,vit@frgfm#imagenette,1,48,4e-4,1,0.9903184713375797
vit@frgfm#imagenette-403,26344,vit@frgfm#imagenette,1,48,4e-4,1,0.9903184713375797
vit@imagenet-split-1-404,26474,vit@imagenet-split-1,4,384,1e-3,8,0.9122666666666667
vit@fashion_mnist-405,26475,vit@fashion_mnist,4,576,1e-3,12,0.9329
vit@imagenet-split-1-406,26475,vit@imagenet-split-1,4,384,1e-3,8,0.9122666666666667
vit@Bingsu#Cat_and_Dog-407,26481,vit@Bingsu#Cat_and_Dog,1,576,1e-4,12,0.9975
vit@imagenet-split-0-408,26539,vit@imagenet-split-0,1,192,1e-3,4,0.9728
vit@frgfm#imagenette-409,26851,vit@frgfm#imagenette,1,48,4e-4,1,0.9903184713375797
vit@fashion_mnist-410,26852,vit@fashion_mnist,8,576,1e-3,12,0.9329
vit@food101-411,26857,vit@food101,2,48,4e-4,1,0.824990099009901
vit@cifar100-412,26873,vit@cifar100,8,576,1e-3,12,0.7871
vit@imagenet-split-0-413,27150,vit@imagenet-split-0,8,192,1e-3,4,0.9728
vit@imagenet-split-1-414,27150,vit@imagenet-split-1,8,384,1e-3,8,0.9122666666666667
vit@Bingsu#Cat_and_Dog-415,27157,vit@Bingsu#Cat_and_Dog,1,576,1e-4,12,0.9975
vit@Bingsu#Cat_and_Dog-416,27220,vit@Bingsu#Cat_and_Dog,1,576,1e-4,12,0.9975
vit@frgfm#imagenette-417,27539,vit@frgfm#imagenette,1,48,4e-4,1,0.9903184713375797
vit@cifar100-418,27565,vit@cifar100,8,576,1e-3,12,0.7871
vit@Bingsu#Cat_and_Dog-419,27579,vit@Bingsu#Cat_and_Dog,1,576,1e-4,12,0.9975
vit@Bingsu#Cat_and_Dog-420,27695,vit@Bingsu#Cat_and_Dog,1,576,1e-4,12,0.9975
vit@fashion_mnist-421,27871,vit@fashion_mnist,1,576,1e-3,12,0.9329
vit@mnist-422,28092,vit@mnist,8,48,4e-4,1,0.9905
vit@cifar100-423,28092,vit@cifar100,8,576,1e-3,12,0.7871
vit@fashion_mnist-424,28092,vit@fashion_mnist,8,576,1e-3,12,0.9329
vit@imagenet-split-1-425,28092,vit@imagenet-split-1,8,384,1e-3,8,0.9122666666666667
vit@mnist-426,28092,vit@mnist,8,48,4e-4,1,0.9905
vit@fashion_mnist-427,28092,vit@fashion_mnist,8,576,1e-3,12,0.9329
vit@fashion_mnist-428,28092,vit@fashion_mnist,8,576,1e-3,12,0.9329
vit@cifar100-429,28092,vit@cifar100,8,576,1e-3,12,0.7871
vit@cifar100-430,28092,vit@cifar100,8,576,1e-3,12,0.7871
vit@cifar100-431,28092,vit@cifar100,8,576,1e-3,12,0.7871
vit@mnist-432,28092,vit@mnist,8,48,4e-4,1,0.9905
vit@fashion_mnist-433,28092,vit@fashion_mnist,8,576,1e-3,12,0.9329
vit@cifar100-434,28092,vit@cifar100,8,576,1e-3,12,0.7871
vit@fashion_mnist-435,28092,vit@fashion_mnist,8,576,1e-3,12,0.9329
vit@mnist-436,28092,vit@mnist,8,48,4e-4,1,0.9905
vit@fashion_mnist-437,28092,vit@fashion_mnist,8,576,1e-3,12,0.9329
vit@imagenet-split-1-438,28093,vit@imagenet-split-1,8,384,1e-3,8,0.9122666666666667
vit@fashion_mnist-439,28093,vit@fashion_mnist,8,576,1e-3,12,0.9329
vit@imagenet-split-1-440,28093,vit@imagenet-split-1,8,384,1e-3,8,0.9122666666666667
vit@imagenet-split-0-441,28093,vit@imagenet-split-0,8,192,1e-3,4,0.9728
vit@fashion_mnist-442,28093,vit@fashion_mnist,8,576,1e-3,12,0.9329
vit@cifar100-443,28093,vit@cifar100,8,576,1e-3,12,0.7871
vit@cifar100-444,28093,vit@cifar100,8,576,1e-3,12,0.7871
vit@imagenet-split-0-445,28093,vit@imagenet-split-0,8,192,1e-3,4,0.9728
vit@cifar100-446,28093,vit@cifar100,8,576,1e-3,12,0.7871
vit@cifar100-447,28093,vit@cifar100,8,576,1e-3,12,0.7871
vit@imagenet-split-1-448,28093,vit@imagenet-split-1,8,384,1e-3,8,0.9122666666666667
vit@cifar100-449,28093,vit@cifar100,8,576,1e-3,12,0.7871
vit@mnist-450,28093,vit@mnist,8,48,4e-4,1,0.9905
vit@fashion_mnist-451,28093,vit@fashion_mnist,8,576,1e-3,12,0.9329
vit@fashion_mnist-452,28093,vit@fashion_mnist,8,576,1e-3,12,0.9329
vit@imagenet-split-1-453,28093,vit@imagenet-split-1,8,384,1e-3,8,0.9122666666666667
vit@mnist-454,28093,vit@mnist,8,48,4e-4,1,0.9905
vit@imagenet-split-0-455,28093,vit@imagenet-split-0,8,192,1e-3,4,0.9728
vit@imagenet-split-0-456,28093,vit@imagenet-split-0,8,192,1e-3,4,0.9728
vit@imagenet-split-0-457,28093,vit@imagenet-split-0,8,192,1e-3,4,0.9728
vit@cifar100-458,28093,vit@cifar100,8,576,1e-3,12,0.7871
vit@mnist-459,28093,vit@mnist,8,48,4e-4,1,0.9905
vit@mnist-460,28093,vit@mnist,8,48,4e-4,1,0.9905
vit@mnist-461,28093,vit@mnist,8,48,4e-4,1,0.9905
vit@cifar100-462,28093,vit@cifar100,8,576,1e-3,12,0.7871
vit@imagenet-split-0-463,28093,vit@imagenet-split-0,8,192,1e-3,4,0.9728
vit@imagenet-split-0-464,28093,vit@imagenet-split-0,8,192,1e-3,4,0.9728
vit@cifar100-465,28093,vit@cifar100,8,576,1e-3,12,0.7871
vit@imagenet-split-0-466,28093,vit@imagenet-split-0,8,192,1e-3,4,0.9728
vit@fashion_mnist-467,28093,vit@fashion_mnist,8,576,1e-3,12,0.9329
vit@cifar100-468,28093,vit@cifar100,8,576,1e-3,12,0.7871
vit@cifar100-469,28093,vit@cifar100,8,576,1e-3,12,0.7871
vit@imagenet-split-1-470,28094,vit@imagenet-split-1,8,384,1e-3,8,0.9122666666666667
vit@imagenet-split-0-471,28094,vit@imagenet-split-0,8,192,1e-3,4,0.9728
vit@frgfm#imagenette-472,28318,vit@frgfm#imagenette,1,48,4e-4,1,0.9903184713375797
vit@cifar100-473,28340,vit@cifar100,8,576,1e-3,12,0.7871
vit@imagenet-split-2-474,28449,vit@imagenet-split-2,2,48,4e-4,1,0.8862
vit@imagenet-split-0-475,28598,vit@imagenet-split-0,8,192,1e-3,4,0.9728
vit@imagenet-split-1-476,28634,vit@imagenet-split-1,8,384,1e-3,8,0.9122666666666667
vit@frgfm#imagenette-477,28653,vit@frgfm#imagenette,1,48,4e-4,1,0.9903184713375797
vit@frgfm#imagenette-478,28673,vit@frgfm#imagenette,1,48,4e-4,1,0.9903184713375797
vit@frgfm#imagenette-479,28767,vit@frgfm#imagenette,1,48,4e-4,1,0.9903184713375797
