placement,local_bsz,step_time,sync_time
1,6,0.008614472406969338,4.72983943677896e-11
1,8,0.011793331005377586,4.253496339867713e-11
1,12,0.01633510622823404,3.662447428665061e-11
1,16,0.022023579781586883,3.293602543474883e-11
1,32,0.04435666023153295,2.5503280043359666e-11
1,36,0.05176637639305693,2.441864765945212e-11
1,40,0.05433718547410845,2.3487566058744136e-11
1,48,0.06748728428026574,2.195943427096836e-11
11,6,0.047116302124733764,0.03746265826212552
11,8,0.04739850423811706,0.036222515564922245
11,12,0.05029857333065215,0.03411972565279518
11,16,0.05244027226017656,0.03238608255844895
11,32,0.07613227199255067,0.027593840632190433
11,36,0.0748881779792643,0.0267301664446982
11,40,0.08232393939861588,0.025954251913527127
11,48,0.0929976484884883,0.024612760231534914
111,6,0.08075519453934957,0.06936261082576586
111,8,0.07801500621776886,0.06784257927405675
111,12,0.07873796026206878,0.06514391868989437
111,16,0.08947195371609849,0.0627963952423941
111,32,0.10090219882527938,0.05566768423968434
111,36,0.1072748231235936,0.05427617230353638
111,40,0.1091675320405267,0.0529973025787967
111,48,0.12439749694461268,0.05072192143120802
1111,6,0.10605371729227098,0.10154457060301442
1111,8,0.10921885161828855,0.0998667032520505
1111,12,0.11488221578140827,0.09682163057395476
1111,16,0.11150348406438981,0.09410235165026065
1111,32,0.1272946123708747,0.08541952843907741
1111,36,0.13913586133490582,0.08364638055857071
1111,40,0.13753293903208963,0.08199346704910947
1111,48,0.15436985285403634,0.07899689893960164
1112,6,0.146132696070391,0.13384199831062651
1112,8,0.1490427161801372,0.1320586722181483
1112,12,0.14204578937807757,0.12877917939271236
1112,16,0.14408751417118548,0.1258038111637836
1112,32,0.16878925115032103,0.11600018046197896
1112,36,0.17204357268334552,0.11393954658917235
1112,40,0.17552649743740895,0.11200024740747798
1112,48,0.17387330909804208,0.10843875198393328
1113,6,0.1732871879584648,0.16620040540904
1113,8,0.18110504331573243,0.16433983727769366
1113,12,0.17275531463879534,0.16088747729292746
1113,16,0.18726946467275776,0.15772142738603645
1113,32,0.19726830692625016,0.14706098801919482
1113,36,0.20134086035856988,0.14477482598105765
1113,40,0.19326394068511193,0.14260856261483668
1113,48,0.21413152076498973,0.13859270945830987
1114,6,0.20883794206965114,0.19859581123311648
1114,8,0.2057878268291091,0.19667530798087043
1114,12,0.2008287585496115,0.19308825695817358
1114,16,0.20429156233853624,0.18977274711642225
1114,32,0.21548023300546165,0.17842936916629185
1114,36,0.2319098587481856,0.17596040057605533
1114,40,0.23107122387011625,0.17360890589178118
1114,48,0.24867494987334948,0.16921848345794704
112,6,0.1151320213153157,0.10154457060301442
112,8,0.10854676612727177,0.0998667032520505
112,12,0.11113445311318809,0.09682163057395476
112,16,0.11784547160491453,0.09410235165026065
112,32,0.13481120341268335,0.08541952843907741
112,36,0.13267614354892326,0.08364638055857071
112,40,0.1446341570598418,0.08199346704910947
112,48,0.14868441540550276,0.07899689893960164
1122,6,0.17831151419722496,0.16620040540904
1122,8,0.17586596402696125,0.16433983727769366
1122,12,0.1862142187289764,0.16088747729292746
1122,16,0.1768281769917281,0.15772142738603645
1122,32,0.19889835892996685,0.14706098801919482
1122,36,0.19090295800902612,0.14477482598105765
1122,40,0.1966359881126816,0.14260856261483668
1122,48,0.1975993628405654,0.13859270945830987
1123,6,0.2090277688818539,0.19859581123311648
1123,8,0.21583190966535837,0.19667530798087043
1123,12,0.21033565423164174,0.19308825695817358
1123,16,0.215044644393941,0.18977274711642225
1123,32,0.22310796740451752,0.17842936916629185
1123,36,0.21847117009506914,0.17596040057605533
1123,40,0.23056240590148985,0.17360890589178118
1123,48,0.23622374708305763,0.16921848345794704
1124,6,0.2509859744458423,0.23101574053647153
1124,8,0.23588904823899232,0.22904685115094156
1124,12,0.2433054765289529,0.22535076277999877
1124,16,0.23550091326179146,0.22191377546143945
1124,32,0.24364510016953345,0.21000892012788785
1124,36,0.26399453380862486,0.2073878991420756
1124,40,0.25006297247445,0.20488158887593716
1124,48,0.25990157084547777,0.20017583193668903
113,6,0.14057933321817487,0.13384199831062651
113,8,0.14651098813944288,0.1320586722181483
113,12,0.14163157255274042,0.12877917939271236
113,16,0.14156030157572352,0.1258038111637836
113,32,0.16467370301203593,0.11600018046197896
113,36,0.16519884186609265,0.11393954658917235
113,40,0.1699813044318278,0.11200024740747798
113,48,0.17062792516446995,0.10843875198393328
1132,6,0.2031672221947479,0.19859581123311648
1132,8,0.20065436412008875,0.19667530798087043
1132,12,0.21004529774503383,0.19308825695817358
1132,16,0.21065489190397793,0.18977274711642225
1132,32,0.21779971690601585,0.17842936916629185
1132,36,0.2300069912240081,0.17596040057605533
1132,40,0.22778197773203313,0.17360890589178118
1132,48,0.2354149955974976,0.16921848345794704
1133,6,0.24045817477215073,0.23101574053647153
1133,8,0.2368347938346165,0.22904685115094156
1133,12,0.24248181223012796,0.22535076277999877
1133,16,0.23515494702536255,0.22191377546143945
1133,32,0.25689194349185007,0.21000892012788785
1133,36,0.24778964732575987,0.2073878991420756
1133,40,0.2678716547288109,0.20488158887593716
1133,48,0.28136447934258946,0.20017583193668903
1134,6,0.27674192111490276,0.2634529556062492
1134,8,0.2729936375984442,0.26144385775846674
1134,12,0.2793574838173608,0.2576569835455478
1134,16,0.28732762015928387,0.25411856538888883
1134,32,0.27970429626781573,0.24174100165815393
1134,36,0.2972108248403356,0.2389908811675697
1134,40,0.3062608991452839,0.236352655887832
1134,48,0.2848805067139367,0.23137675864792673
114,6,0.1766666228945336,0.16620040540904
114,8,0.18012032431512878,0.16433983727769366
114,12,0.18351533203767662,0.16088747729292746
114,16,0.18326188390722073,0.15772142738603645
114,32,0.1978045039257093,0.14706098801919482
114,36,0.1938029027809418,0.14477482598105765
114,40,0.20084034291699024,0.14260856261483668
114,48,0.21601788080168818,0.13859270945830987
1142,6,0.2460025094687008,0.23101574053647153
1142,8,0.25220417093802944,0.22904685115094156
1142,12,0.24340835925802565,0.22535076277999877
1142,16,0.24637428241137496,0.22191377546143945
1142,32,0.26318226309439036,0.21000892012788785
1142,36,0.25793326099311037,0.2073878991420756
1142,40,0.2698258719072648,0.20488158887593716
1142,48,0.28100582191329915,0.20017583193668903
1143,6,0.28060407707270935,0.2634529556062492
1143,8,0.26907403766892585,0.26144385775846674
1143,12,0.2621742430113434,0.2576569835455478
1143,16,0.2658574919366804,0.25411856538888883
1143,32,0.2955382899555246,0.24174100165815393
1143,36,0.29734302310186583,0.2389908811675697
1143,40,0.29779551007861366,0.236352655887832
1143,48,0.2848338295485937,0.23137675864792673
1144,6,0.30947363184674703,0.2959029202097829
1144,8,0.3133088207002879,0.29385966524591717
1144,12,0.29657812784940124,0.2899955572180954
1144,16,0.31518986713245667,0.28637066766489866
1144,32,0.31342006124028254,0.2735876108569232
1144,36,0.3320278841009532,0.2707260397141544
1144,40,0.33371355267289077,0.2679736231645578
1144,48,0.3272582819225639,0.26276291179795946
12,6,0.07721139252086767,0.06936261082576586
12,8,0.07600684159095208,0.06784257927405675
12,12,0.08111931331933582,0.06514391868989437
12,16,0.08156143910710255,0.0627963952423941
12,32,0.10522062001491465,0.05566768423968434
12,36,0.10521868020585995,0.05427617230353638
12,40,0.1052523888737531,0.0529973025787967
12,48,0.1249938114364303,0.05072192143120802
1212,6,0.17657739566520028,0.16620040540904
1212,8,0.17918316628383185,0.16433983727769366
1212,12,0.18474653652551135,0.16088747729292746
1212,16,0.1790239214693592,0.15772142738603645
1212,32,0.1867142651551288,0.14706098801919482
1212,36,0.2018650817937244,0.14477482598105765
1212,40,0.19931190081446243,0.14260856261483668
1212,48,0.21092136068552422,0.13859270945830987
1213,6,0.20104310682113846,0.19859581123311648
1213,8,0.21818276664432668,0.19667530798087043
1213,12,0.21517019145858035,0.19308825695817358
1213,16,0.21650201290038704,0.18977274711642225
1213,32,0.21870611571295728,0.17842936916629185
1213,36,0.23059859647016634,0.17596040057605533
1213,40,0.24154935174948355,0.17360890589178118
1213,48,0.22713292943526578,0.16921848345794704
1214,6,0.250981440513844,0.23101574053647153
1214,8,0.2494031449528433,0.22904685115094156
1214,12,0.23630150890339033,0.22535076277999877
1214,16,0.2326359977683897,0.22191377546143945
1214,32,0.26692716050366994,0.21000892012788785
1214,36,0.2658306196341542,0.2073878991420756
1214,40,0.2668584918153828,0.20488158887593716
1214,48,0.2670155681521279,0.20017583193668903
122,6,0.14210517225643052,0.13384199831062651
122,8,0.14788473636003563,0.1320586722181483
122,12,0.13955947718108733,0.12877917939271236
122,16,0.15245830552095577,0.1258038111637836
122,32,0.163969328568519,0.11600018046197896
122,36,0.16933614074543019,0.11393954658917235
122,40,0.16181523423802704,0.11200024740747798
122,48,0.17907329439719907,0.10843875198393328
1222,6,0.2113174451518679,0.19859581123311648
1222,8,0.2086885966898278,0.19667530798087043
1222,12,0.20221094847898127,0.19308825695817358
1222,16,0.22288326432380245,0.18977274711642225
1222,32,0.22645983726551985,0.17842936916629185
1222,36,0.23189634280323473,0.17596040057605533
1222,40,0.23778061323062574,0.17360890589178118
1222,48,0.24403893678533317,0.16921848345794704
1223,6,0.23519335365057764,0.23101574053647153
1223,8,0.24922507672613506,0.22904685115094156
1223,12,0.24152801439936028,0.22535076277999877
1223,16,0.2374440872816308,0.22191377546143945
1223,32,0.2543635282347386,0.21000892012788785
1223,36,0.2560273544189483,0.2073878991420756
1223,40,0.26804118045414804,0.20488158887593716
1223,48,0.2678011995333228,0.20017583193668903
1224,6,0.2677772621605013,0.2634529556062492
1224,8,0.27885684391995036,0.26144385775846674
1224,12,0.2766736902389542,0.2576569835455478
1224,16,0.26408158454045283,0.25411856538888883
1224,32,0.2944798351911234,0.24174100165815393
1224,36,0.28181540694535684,0.2389908811675697
1224,40,0.30299092041661524,0.236352655887832
1224,48,0.30204168168939816,0.23137675864792673
123,6,0.18342668981057816,0.16620040540904
123,8,0.17578311100736568,0.16433983727769366
123,12,0.18603191053691984,0.16088747729292746
123,16,0.1868299590501976,0.15772142738603645
123,32,0.18486391347522008,0.14706098801919482
123,36,0.19825739046499752,0.14477482598105765
123,40,0.19964830974686612,0.14260856261483668
123,48,0.20061760288165506,0.13859270945830987
1232,6,0.2505603898253719,0.23101574053647153
1232,8,0.2507325758998358,0.22904685115094156
1232,12,0.25327452890777613,0.22535076277999877
1232,16,0.25565721499157973,0.22191377546143945
1232,32,0.24823697161967256,0.21000892012788785
1232,36,0.25803668431508414,0.2073878991420756
1232,40,0.2530421393982144,0.20488158887593716
1232,48,0.2672533867694568,0.20017583193668903
1233,6,0.2696584875129247,0.2634529556062492
1233,8,0.2751488615906661,0.26144385775846674
1233,12,0.2753741987400411,0.2576569835455478
1233,16,0.2831010434680127,0.25411856538888883
1233,32,0.2935685879866062,0.24174100165815393
1233,36,0.2831740959916266,0.2389908811675697
1233,40,0.30234214573921253,0.236352655887832
1233,48,0.3101657278513878,0.23137675864792673
1234,6,0.2924807228473121,0.2959029202097829
1234,8,0.31371630787334454,0.29385966524591717
1234,12,0.3133951810632309,0.2899955572180954
1234,16,0.3192333954986952,0.28637066766489866
1234,32,0.3309529757774308,0.2735876108569232
1234,36,0.3076950508726672,0.2707260397141544
1234,40,0.33487471938124874,0.2679736231645578
1234,48,0.3217462165518782,0.26276291179795946
124,6,0.20542942919343518,0.19859581123311648
124,8,0.20438482203257669,0.19667530798087043
124,12,0.21862795409788113,0.19308825695817358
124,16,0.21988942294605446,0.18977274711642225
124,32,0.22768551375700674,0.17842936916629185
124,36,0.2199393792710732,0.17596040057605533
124,40,0.23894089511964003,0.17360890589178118
124,48,0.23664503454867453,0.16921848345794704
1242,6,0.2779764809872278,0.2634529556062492
1242,8,0.2592402964037864,0.26144385775846674
1242,12,0.27066568154890003,0.2576569835455478
1242,16,0.28154670050942004,0.25411856538888883
1242,32,0.29936082489774524,0.24174100165815393
1242,36,0.28625523067132674,0.2389908811675697
1242,40,0.28310278986193166,0.236352655887832
1242,48,0.30976796762333636,0.23137675864792673
1243,6,0.3182233387503239,0.2959029202097829
1243,8,0.29897290402950033,0.29385966524591717
1243,12,0.3081009247501756,0.2899955572180954
1243,16,0.3192530175360519,0.28637066766489866
1243,32,0.30934402063379407,0.2735876108569232
1243,36,0.3193149754388782,0.2707260397141544
1243,40,0.32777514554312515,0.2679736231645578
1243,48,0.3242150606935339,0.26276291179795946
1244,6,0.3294462277727577,0.32836262225687185
1244,8,0.3534390979205248,0.32628984316011655
1244,12,0.32998154502831073,0.3223589034924451
1244,16,0.33127950996073896,0.31865906813662287
1244,32,0.33869656825603384,0.30552288041728254
1244,36,0.3577947768866699,0.3025637688139741
1244,40,0.3525114537322332,0.2997112001995431
1244,48,0.34758605987411745,0.2942938717870554
13,6,0.10517024239840564,0.10154457060301442
13,8,0.10876345803925243,0.0998667032520505
13,12,0.110875468640161,0.09682163057395476
13,16,0.12033623725838052,0.09410235165026065
13,32,0.13266124884875102,0.08541952843907741
13,36,0.13551279600634328,0.08364638055857071
13,40,0.1327734275642631,0.08199346704910947
13,48,0.1493747730818802,0.07899689893960164
1313,6,0.2510790112117368,0.23101574053647153
1313,8,0.24543355464476718,0.22904685115094156
1313,12,0.2505109707075025,0.22535076277999877
1313,16,0.23732415726978007,0.22191377546143945
1313,32,0.24861729460205742,0.21000892012788785
1313,36,0.24983867267688986,0.2073878991420756
1313,40,0.26336944719986105,0.20488158887593716
1313,48,0.2648613201588046,0.20017583193668903
1314,6,0.2812936435697832,0.2634529556062492
1314,8,0.2816404269798211,0.26144385775846674
1314,12,0.278373642107789,0.2576569835455478
1314,16,0.2840150134773407,0.25411856538888883
1314,32,0.29862074870598865,0.24174100165815393
1314,36,0.2979473212564902,0.2389908811675697
1314,40,0.29344718774230316,0.236352655887832
1314,48,0.2909292716023547,0.23137675864792673
132,6,0.16933293478683198,0.16620040540904
132,8,0.18446954790757505,0.16433983727769366
132,12,0.18316563618616877,0.16088747729292746
132,16,0.17191693755502915,0.15772142738603645
132,32,0.1878906924848563,0.14706098801919482
132,36,0.1920351365138918,0.14477482598105765
132,40,0.2014178234388594,0.14260856261483668
132,48,0.21549865453019723,0.13859270945830987
1322,6,0.2374767821541536,0.23101574053647153
1322,8,0.22850864423904527,0.22904685115094156
1322,12,0.2539191233861361,0.22535076277999877
1322,16,0.23926284054539146,0.22191377546143945
1322,32,0.2622528969545378,0.21000892012788785
1322,36,0.24709204298737575,0.2073878991420756
1322,40,0.25462301951042965,0.20488158887593716
1322,48,0.2625560771855678,0.20017583193668903
1323,6,0.28042224747404637,0.2634529556062492
1323,8,0.2660468402322632,0.26144385775846674
1323,12,0.2670868061927861,0.2576569835455478
1323,16,0.2780346961073582,0.25411856538888883
1323,32,0.2776706076433574,0.24174100165815393
1323,36,0.27763722255613515,0.2389908811675697
1323,40,0.283249263369554,0.236352655887832
1323,48,0.2974143785759195,0.23137675864792673
1324,6,0.29346388133475143,0.2959029202097829
1324,8,0.3036039064821505,0.29385966524591717
1324,12,0.29184085784432023,0.2899955572180954
1324,16,0.3168901930084064,0.28637066766489866
1324,32,0.31737485145588656,0.2735876108569232
1324,36,0.3292326682575759,0.2707260397141544
1324,40,0.3100588265825667,0.2679736231645578
1324,48,0.31777240601146217,0.26276291179795946
133,6,0.20003001823524466,0.19859581123311648
133,8,0.20191899041127553,0.19667530798087043
133,12,0.20752006599471973,0.19308825695817358
133,16,0.2133417070569066,0.18977274711642225
133,32,0.2274992677022864,0.17842936916629185
133,36,0.23539560019518516,0.17596040057605533
133,40,0.23883335549365833,0.17360890589178118
133,48,0.24945438945416865,0.16921848345794704
1332,6,0.28498901473323424,0.2634529556062492
1332,8,0.28640746315649335,0.26144385775846674
1332,12,0.2835003176490336,0.2576569835455478
1332,16,0.27794284369172656,0.25411856538888883
1332,32,0.2997321634681989,0.24174100165815393
1332,36,0.27817913290111934,0.2389908811675697
1332,40,0.2797857250671687,0.236352655887832
1332,48,0.28780327399959205,0.23137675864792673
1333,6,0.31424305213714177,0.2959029202097829
1333,8,0.31039992110018966,0.29385966524591717
1333,12,0.31452634533947743,0.2899955572180954
1333,16,0.32455552457528686,0.28637066766489866
1333,32,0.32626289041636963,0.2735876108569232
1333,36,0.31999260867089796,0.2707260397141544
1333,40,0.3340045273221456,0.2679736231645578
1333,48,0.34553645417939993,0.26276291179795946
1334,6,0.3391102810739505,0.32836262225687185
1334,8,0.33277120732866455,0.32628984316011655
1334,12,0.3237432904243012,0.3223589034924451
1334,16,0.3409247091540838,0.31865906813662287
1334,32,0.35634624944471494,0.30552288041728254
1334,36,0.3600541741427193,0.3025637688139741
1334,40,0.3484077519838564,0.2997112001995431
1334,48,0.38048842311881076,0.2942938717870554
134,6,0.23276475813782604,0.23101574053647153
134,8,0.24444371251843872,0.22904685115094156
134,12,0.2380205866640904,0.22535076277999877
134,16,0.24545278913243462,0.22191377546143945
134,32,0.25805169629425034,0.21000892012788785
134,36,0.26294015210980043,0.2073878991420756
134,40,0.2637742051424227,0.20488158887593716
134,48,0.27768841516003284,0.20017583193668903
1342,6,0.29908677990270827,0.2959029202097829
1342,8,0.29535940746055994,0.29385966524591717
1342,12,0.29327002085285847,0.2899955572180954
1342,16,0.32262113957019234,0.28637066766489866
1342,32,0.32162667241930387,0.2735876108569232
1342,36,0.3211359507579513,0.2707260397141544
1342,40,0.32017443462021933,0.2679736231645578
1342,48,0.3265153480296812,0.26276291179795946
1343,6,0.3288939105282331,0.32836262225687185
1343,8,0.3246991462580963,0.32628984316011655
1343,12,0.33332861280827364,0.3223589034924451
1343,16,0.3375179521345337,0.31865906813662287
1343,32,0.34614054631801777,0.30552288041728254
1343,36,0.3506788770247303,0.3025637688139741
1343,40,0.3520748843408495,0.2997112001995431
1343,48,0.36807520242914804,0.2942938717870554
1344,6,0.35994358252756675,0.3608299698777585
1344,8,0.3540478044403694,0.3587313111851105
1344,12,0.35694128324751767,0.354741738960376
1344,16,0.38425937202670074,0.3509760687966745
1344,32,0.38770325505212744,0.3375285012390492
1344,36,0.39147626176504896,0.3344830421012019
1344,40,0.3988923456680598,0.33154166270459334
1344,48,0.4115211724553572,0.3259406338693224
14,6,0.13726668657339894,0.13384199831062651
14,8,0.15039900058569633,0.1320586722181483
14,12,0.14237579452684063,0.12877917939271236
14,16,0.15536436067933318,0.1258038111637836
14,32,0.15631982898795121,0.11600018046197896
14,36,0.1584496914371645,0.11393954658917235
14,40,0.1704083664787205,0.11200024740747798
14,48,0.18080742882784565,0.10843875198393328
1414,6,0.29429055551240885,0.2959029202097829
1414,8,0.3108184517115663,0.29385966524591717
1414,12,0.291788855544126,0.2899955572180954
1414,16,0.2954616920610802,0.28637066766489866
1414,32,0.325028966929376,0.2735876108569232
1414,36,0.3272042043099614,0.2707260397141544
1414,40,0.33691539695055517,0.2679736231645578
1414,48,0.32358137661605546,0.26276291179795946
142,6,0.20435791804413048,0.19859581123311648
142,8,0.2079383974145903,0.19667530798087043
142,12,0.20491874359008172,0.19308825695817358
142,16,0.22163217200102622,0.18977274711642225
142,32,0.21328753288316188,0.17842936916629185
142,36,0.23820179357079393,0.17596040057605533
142,40,0.23309912445589817,0.17360890589178118
142,48,0.24499845964829944,0.16921848345794704
1422,6,0.26738988537499636,0.2634529556062492
1422,8,0.2793358003726154,0.26144385775846674
1422,12,0.2770913152030768,0.2576569835455478
1422,16,0.26646953178826255,0.25411856538888883
1422,32,0.27438455168375814,0.24174100165815393
1422,36,0.2908723279860913,0.2389908811675697
1422,40,0.2799883508950572,0.236352655887832
1422,48,0.2996739291663888,0.23137675864792673
1423,6,0.3058891454276385,0.2959029202097829
1423,8,0.3060428585780212,0.29385966524591717
1423,12,0.3178125218619303,0.2899955572180954
1423,16,0.3193560134839531,0.28637066766489866
1423,32,0.3187868570462096,0.2735876108569232
1423,36,0.3362844258768741,0.2707260397141544
1423,40,0.30989222736113864,0.2679736231645578
1423,48,0.32280862624256484,0.26276291179795946
1424,6,0.35124290483165427,0.32836262225687185
1424,8,0.3318495252650283,0.32628984316011655
1424,12,0.34417514621004924,0.3223589034924451
1424,16,0.3369865626499996,0.31865906813662287
1424,32,0.35730941342520356,0.30552288041728254
1424,36,0.35445770871334265,0.3025637688139741
1424,40,0.34327235442477233,0.2997112001995431
1424,48,0.34992367752798,0.2942938717870554
143,6,0.23918367398513482,0.23101574053647153
143,8,0.22850787823061589,0.22904685115094156
143,12,0.24323550077632916,0.22535076277999877
143,16,0.24862029197462981,0.22191377546143945
143,32,0.24876216529447406,0.21000892012788785
143,36,0.26825217173998683,0.2073878991420756
143,40,0.2729518456626684,0.20488158887593716
143,48,0.27894675450311845,0.20017583193668903
1432,6,0.311354148024597,0.2959029202097829
1432,8,0.31793134873684514,0.29385966524591717
1432,12,0.3130100911268607,0.2899955572180954
1432,16,0.29417225257946594,0.28637066766489866
1432,32,0.3335583498442092,0.2735876108569232
1432,36,0.3111311545894696,0.2707260397141544
1432,40,0.3267989228664519,0.2679736231645578
1432,48,0.3219479416962669,0.26276291179795946
1433,6,0.3336570104605769,0.32836262225687185
1433,8,0.3495108042816408,0.32628984316011655
1433,12,0.35336530136735006,0.3223589034924451
1433,16,0.32672666499588365,0.31865906813662287
1433,32,0.3515862222717284,0.30552288041728254
1433,36,0.34596047687354875,0.3025637688139741
1433,40,0.3593967282769132,0.2997112001995431
1433,48,0.36137135697096184,0.2942938717870554
1434,6,0.38204786215666753,0.3608299698777585
1434,8,0.36490224474436167,0.3587313111851105
1434,12,0.36345374487770354,0.354741738960376
1434,16,0.37668073053824463,0.3509760687966745
1434,32,0.3952773215704342,0.3375285012390492
1434,36,0.3777300082527879,0.3344830421012019
1434,40,0.3726346039774038,0.33154166270459334
1434,48,0.3990096604069863,0.3259406338693224
144,6,0.2744511419776417,0.2634529556062492
144,8,0.2835208870320305,0.26144385775846674
144,12,0.2807480840998435,0.2576569835455478
144,16,0.27753807673832803,0.25411856538888883
144,32,0.27755321373038755,0.24174100165815393
144,36,0.28886458281791566,0.2389908811675697
144,40,0.29067254578074897,0.236352655887832
144,48,0.3092417861846553,0.23137675864792673
1442,6,0.34892610011970265,0.32836262225687185
1442,8,0.32292984564890487,0.32628984316011655
1442,12,0.3292929161910459,0.3223589034924451
1442,16,0.328515481818887,0.31865906813662287
1442,32,0.35242331616596645,0.30552288041728254
1442,36,0.3637443117865976,0.3025637688139741
1442,40,0.3646196948962307,0.2997112001995431
1442,48,0.3756109359866995,0.2942938717870554
1443,6,0.3778534312744188,0.3608299698777585
1443,8,0.3844121537253036,0.3587313111851105
1443,12,0.3697983174245723,0.354741738960376
1443,16,0.35654390492759674,0.3509760687966745
1443,32,0.37369833553375725,0.3375285012390492
1443,36,0.39828984673528545,0.3344830421012019
1443,40,0.38986388590320736,0.33154166270459334
1443,48,0.4088937331533044,0.3259406338693224
1444,6,0.39132815899532153,0.3933034571393086
1444,8,0.3977542718156254,0.3911818498919576
1444,12,0.41233564420801067,0.38714024940995806
1444,16,0.3888591481570239,0.3833161002303019
1444,32,0.41362800079486167,0.3695910939356225
1444,36,0.4367856674294521,0.36646845305739206
1444,40,0.4011664719611048,0.3634475796198413
1444,48,0.4376030027368402,0.3576817683162631
2,6,0.04093498285941755,0.033704219520528274
2,8,0.045539090909789484,0.032514190026652345
2,12,0.045780312482721325,0.030514899084723848
2,16,0.049892643688207304,0.02888374590098013
2,32,0.07007304888866468,0.024450337802348773
2,36,0.07132861199868952,0.023662107061988714
2,40,0.07992545404532125,0.022956484350264178
2,48,0.09051825385201968,0.021741788615055116
22,6,0.1077891413315775,0.10154457060301442
22,8,0.11324629698065708,0.0998667032520505
22,12,0.11084877406271244,0.09682163057395476
22,16,0.11119482546948704,0.09410235165026065
22,32,0.12955812161368466,0.08541952843907741
22,36,0.12942866618616533,0.08364638055857071
22,40,0.1325365068439848,0.08199346704910947
22,48,0.1455030131022185,0.07899689893960164
222,6,0.16660380667129,0.16620040540904
222,8,0.17600390024081827,0.16433983727769366
222,12,0.1741599016533364,0.16088747729292746
222,16,0.18807122204764945,0.15772142738603645
222,32,0.18715277048876303,0.14706098801919482
222,36,0.19281288786389364,0.14477482598105765
222,40,0.20371124127928739,0.14260856261483668
222,48,0.2150388396008384,0.13859270945830987
2222,6,0.24193449140372583,0.23101574053647153
2222,8,0.23824707661436917,0.22904685115094156
2222,12,0.2392279970259915,0.22535076277999877
2222,16,0.25079819692938593,0.22191377546143945
2222,32,0.2433303997538091,0.21000892012788785
2222,36,0.2702981284783163,0.2073878991420756
2222,40,0.2637946445956403,0.20488158887593716
2222,48,0.274433806429734,0.20017583193668903
2223,6,0.28436285729217103,0.2634529556062492
2223,8,0.2675001831707079,0.26144385775846674
2223,12,0.2822623618264057,0.2576569835455478
2223,16,0.2820950700491201,0.25411856538888883
2223,32,0.28838514725030384,0.24174100165815393
2223,36,0.29496959652888477,0.2389908811675697
2223,40,0.3023514412651264,0.236352655887832
2223,48,0.30230795593027104,0.23137675864792673
2224,6,0.29506203483357574,0.2959029202097829
2224,8,0.3084632365808256,0.29385966524591717
2224,12,0.29842005486066125,0.2899955572180954
2224,16,0.30983716038956455,0.28637066766489866
2224,32,0.303477939712151,0.2735876108569232
2224,36,0.3134787356877823,0.2707260397141544
2224,40,0.32260204619246285,0.2679736231645578
2224,48,0.3191734560887252,0.26276291179795946
223,6,0.19843104862779115,0.19859581123311648
223,8,0.21134124790184405,0.19667530798087043
223,12,0.20464884359927774,0.19308825695817358
223,16,0.22190687124226674,0.18977274711642225
223,32,0.21650749319853485,0.17842936916629185
223,36,0.22329758069960293,0.17596040057605533
223,40,0.23034418142570956,0.17360890589178118
223,48,0.23675308747597182,0.16921848345794704
2233,6,0.2896813776717865,0.2959029202097829
2233,8,0.3063990249105256,0.29385966524591717
2233,12,0.30858208968925444,0.2899955572180954
2233,16,0.3178274793056205,0.28637066766489866
2233,32,0.30381196297767166,0.2735876108569232
2233,36,0.323528128599011,0.2707260397141544
2233,40,0.3217094699717786,0.2679736231645578
2233,48,0.34184545005141204,0.26276291179795946
2234,6,0.34970258528746107,0.32836262225687185
2234,8,0.3392241864112862,0.32628984316011655
2234,12,0.33957885456002074,0.3223589034924451
2234,16,0.33650453268102154,0.31865906813662287
2234,32,0.34455630111368796,0.30552288041728254
2234,36,0.3679006659339781,0.3025637688139741
2234,40,0.36299273717313935,0.2997112001995431
2234,48,0.3555398993491309,0.2942938717870554
224,6,0.24397448174797384,0.23101574053647153
224,8,0.23684448617598816,0.22904685115094156
224,12,0.23281339919223007,0.22535076277999877
224,16,0.24809900953981578,0.22191377546143945
224,32,0.25612195826467105,0.21000892012788785
224,36,0.25314257491106235,0.2073878991420756
224,40,0.2501617247805179,0.20488158887593716
224,48,0.2659489854112145,0.20017583193668903
2243,6,0.3293848657413696,0.32836262225687185
2243,8,0.33290588873839705,0.32628984316011655
2243,12,0.33285258461435935,0.3223589034924451
2243,16,0.35497939594038985,0.31865906813662287
2243,32,0.3622675973923749,0.30552288041728254
2243,36,0.3370513013442649,0.3025637688139741
2243,40,0.34585754451175343,0.2997112001995431
2243,48,0.36982155493800856,0.2942938717870554
2244,6,0.38275757981806274,0.3608299698777585
2244,8,0.36148415731236805,0.3587313111851105
2244,12,0.3740653826467695,0.354741738960376
2244,16,0.378605178119926,0.3509760687966745
2244,32,0.4013250185802272,0.3375285012390492
2244,36,0.4000935878074164,0.3344830421012019
2244,40,0.3696480426176682,0.33154166270459334
2244,48,0.400263451041578,0.3259406338693224
23,6,0.13738815847444222,0.13384199831062651
23,8,0.14537706128548794,0.1320586722181483
23,12,0.15014253191839078,0.12877917939271236
23,16,0.14226736898399664,0.1258038111637836
23,32,0.1623792116438943,0.11600018046197896
23,36,0.16822867695974233,0.11393954658917235
23,40,0.17444126387968054,0.11200024740747798
23,48,0.16854724011440994,0.10843875198393328
2323,6,0.31794732576018375,0.2959029202097829
2323,8,0.29892023914263127,0.29385966524591717
2323,12,0.2924418115885564,0.2899955572180954
2323,16,0.31636970556794236,0.28637066766489866
2323,32,0.326373260059734,0.2735876108569232
2323,36,0.3124606069647077,0.2707260397141544
2323,40,0.31126382414919473,0.2679736231645578
2323,48,0.32344160331007527,0.26276291179795946
2324,6,0.33271480048044455,0.32836262225687185
2324,8,0.3454512603922367,0.32628984316011655
2324,12,0.327607962715615,0.3223589034924451
2324,16,0.3376798185321459,0.31865906813662287
2324,32,0.3613298405247008,0.30552288041728254
2324,36,0.3684725274272482,0.3025637688139741
2324,40,0.34371528295344694,0.2997112001995431
2324,48,0.37406849091363137,0.2942938717870554
233,6,0.23476899545118543,0.23101574053647153
233,8,0.24955934949599792,0.22904685115094156
233,12,0.2463712389350301,0.22535076277999877
233,16,0.24028423476623822,0.22191377546143945
233,32,0.24695415710322652,0.21000892012788785
233,36,0.24635614620647597,0.2073878991420756
233,40,0.26947637778194866,0.20488158887593716
233,48,0.27087154712184996,0.20017583193668903
2333,6,0.3415280267770215,0.32836262225687185
2333,8,0.32329805261857764,0.32628984316011655
2333,12,0.33299609866489094,0.3223589034924451
2333,16,0.3573213562817096,0.31865906813662287
2333,32,0.34203044240790015,0.30552288041728254
2333,36,0.338180548968466,0.3025637688139741
2333,40,0.36509028109443625,0.2997112001995431
2333,48,0.35197675666366995,0.2942938717870554
2334,6,0.35570113887618837,0.3608299698777585
2334,8,0.38572557501490745,0.3587313111851105
2334,12,0.3810575907358727,0.354741738960376
2334,16,0.37128159688927226,0.3509760687966745
2334,32,0.3948822012450553,0.3375285012390492
2334,36,0.37595906376338356,0.3344830421012019
2334,40,0.40430421871637157,0.33154166270459334
2334,48,0.39055915750728987,0.3259406338693224
234,6,0.2794020320475763,0.2634529556062492
234,8,0.2695187320909971,0.26144385775846674
234,12,0.2698448378150457,0.2576569835455478
234,16,0.26318476085860987,0.25411856538888883
234,32,0.27952184962768706,0.24174100165815393
234,36,0.27646410664206045,0.2389908811675697
234,40,0.2915800447948212,0.236352655887832
234,48,0.3141610456618369,0.23137675864792673
2343,6,0.35204083862373176,0.3608299698777585
2343,8,0.3867040244862691,0.3587313111851105
2343,12,0.36258802284426467,0.354741738960376
2343,16,0.36398319870253365,0.3509760687966745
2343,32,0.3913626340077476,0.3375285012390492
2343,36,0.3937091443402499,0.3344830421012019
2343,40,0.39185691129000944,0.33154166270459334
2343,48,0.4068282835573002,0.3259406338693224
2344,6,0.38510674402750833,0.3933034571393086
2344,8,0.39620917972757713,0.3911818498919576
2344,12,0.41542292521646085,0.38714024940995806
2344,16,0.39627619687429816,0.3833161002303019
2344,32,0.4271073347478854,0.3695910939356225
2344,36,0.4041395360484804,0.36646845305739206
2344,40,0.40623730736703695,0.3634475796198413
2344,48,0.40520022204372264,0.3576817683162631
24,6,0.16981341741325046,0.16620040540904
24,8,0.1674674579899088,0.16433983727769366
24,12,0.17766063811576288,0.16088747729292746
24,16,0.17731325733482028,0.15772142738603645
24,32,0.1983414797730071,0.14706098801919482
24,36,0.20142601213460223,0.14477482598105765
24,40,0.1941953139442978,0.14260856261483668
24,48,0.20260512164436842,0.13859270945830987
2424,6,0.36821315365366225,0.3608299698777585
2424,8,0.3586638758331454,0.3587313111851105
2424,12,0.3756866273227038,0.354741738960376
2424,16,0.37798389094487406,0.3509760687966745
2424,32,0.3942836695730936,0.3375285012390492
2424,36,0.3869782557921875,0.3344830421012019
2424,40,0.383219650964256,0.33154166270459334
2424,48,0.40822639336565686,0.3259406338693224
243,6,0.26246568950941884,0.2634529556062492
243,8,0.2639641458550984,0.26144385775846674
243,12,0.26218084809359826,0.2576569835455478
243,16,0.26737460213066155,0.25411856538888883
243,32,0.2972450665421164,0.24174100165815393
243,36,0.2913034676753446,0.2389908811675697
243,40,0.282271445620681,0.236352655887832
243,48,0.3143139322729972,0.23137675864792673
2433,6,0.3619322588670873,0.3608299698777585
2433,8,0.3747310515975532,0.3587313111851105
2433,12,0.37394907691672763,0.354741738960376
2433,16,0.390122971286125,0.3509760687966745
2433,32,0.38864022892825006,0.3375285012390492
2433,36,0.3737320640131695,0.3344830421012019
2433,40,0.39869134148869073,0.33154166270459334
2433,48,0.39603708581942604,0.3259406338693224
2434,6,0.4015964494448957,0.3933034571393086
2434,8,0.3846985991934987,0.3911818498919576
2434,12,0.4101510487783958,0.38714024940995806
2434,16,0.3899872795004009,0.3833161002303019
2434,32,0.41986691812841553,0.3695910939356225
2434,36,0.42861904443167254,0.36646845305739206
2434,40,0.42260088460768974,0.3634475796198413
2434,48,0.4400288394778479,0.3576817683162631
244,6,0.2943379888019936,0.2959029202097829
244,8,0.2922441348915061,0.29385966524591717
244,12,0.3002395600366675,0.2899955572180954
244,16,0.3132219830041415,0.28637066766489866
244,32,0.3218771202007696,0.2735876108569232
244,36,0.3062463706063975,0.2707260397141544
244,40,0.33363997897555975,0.2679736231645578
244,48,0.3284160508752322,0.26276291179795946
2443,6,0.39970379949981805,0.3933034571393086
2443,8,0.3880631243958745,0.3911818498919576
2443,12,0.39630080060651,0.38714024940995806
2443,16,0.40088705181778084,0.3833161002303019
2443,32,0.42813939222221076,0.3695910939356225
2443,36,0.4075107802149266,0.36646845305739206
2443,40,0.43254798330190974,0.3634475796198413
2443,48,0.42352097105955644,0.3576817683162631
2444,6,0.4312214304555123,0.4257819675417266
2444,8,0.422892548441124,0.4236398126585522
2444,12,0.4233307929056776,0.4195516006197998
2444,16,0.4535800029158587,0.4156750167823881
2444,32,0.45278418828780476,0.4017006187643648
2444,36,0.45301373525907795,0.3985084154331135
2444,40,0.45441649602844725,0.39541581284443733
2444,48,0.47723481104258475,0.3895010493762389
3,6,0.070416352311089,0.06262956453005547
3,8,0.06964119036707002,0.06115404949115191
3,12,0.07208889270732707,0.05855191717960147
3,16,0.08066099195241189,0.05630626904258508
3,32,0.09264835531031428,0.04958631428818158
3,36,0.10444193560368716,0.04829141496625248
3,40,0.10376004644995937,0.04710595349501419
3,48,0.10874453052412124,0.04500733456711015
33,6,0.16725014749114267,0.16620040540904
33,8,0.17066713432551547,0.16433983727769366
33,12,0.1786192172500771,0.16088747729292746
33,16,0.17613345585230103,0.15772142738603645
33,32,0.18843360911455667,0.14706098801919482
33,36,0.19044817199618505,0.14477482598105765
33,40,0.20228450406182721,0.14260856261483668
33,48,0.20428954089551943,0.13859270945830987
333,6,0.2670064423489062,0.2634529556062492
333,8,0.286412660503461,0.26144385775846674
333,12,0.2882008220541814,0.2576569835455478
333,16,0.28074253490158435,0.25411856538888883
333,32,0.2824438413316729,0.24174100165815393
333,36,0.2834620816284096,0.2389908811675697
333,40,0.28722128308820744,0.236352655887832
333,48,0.3056824168738613,0.23137675864792673
3333,6,0.3695437408312248,0.3608299698777585
3333,8,0.3667435330947629,0.3587313111851105
3333,12,0.3893539675661994,0.354741738960376
3333,16,0.37136568513038243,0.3509760687966745
3333,32,0.367802632632999,0.3375285012390492
3333,36,0.37999112412041314,0.3344830421012019
3333,40,0.38560115095214464,0.33154166270459334
3333,48,0.3914327588716877,0.3259406338693224
3334,6,0.41028272268488525,0.3933034571393086
3334,8,0.42235539344096196,0.3911818498919576
3334,12,0.39502331188919143,0.38714024940995806
3334,16,0.42549038983925314,0.3833161002303019
3334,32,0.42796662745150005,0.3695910939356225
3334,36,0.39765653125797745,0.36646845305739206
3334,40,0.4151091497469933,0.3634475796198413
3334,48,0.42766649074326846,0.3576817683162631
334,6,0.2941012136343968,0.2959029202097829
334,8,0.309107567686796,0.29385966524591717
334,12,0.29842542609335926,0.2899955572180954
334,16,0.2975693345064999,0.28637066766489866
334,32,0.3166303931173543,0.2735876108569232
334,36,0.30848782026997656,0.2707260397141544
334,40,0.3331853054792779,0.2679736231645578
334,48,0.3194434192459187,0.26276291179795946
3344,6,0.4457585927066,0.4257819675417266
3344,8,0.42026039585256014,0.4236398126585522
3344,12,0.4524219378737443,0.4195516006197998
3344,16,0.4244826740192579,0.4156750167823881
3344,32,0.42875963102619435,0.4017006187643648
3344,36,0.45226601209956285,0.3985084154331135
3344,40,0.47267770008175947,0.39541581284443733
3344,48,0.43927125960360874,0.3895010493762389
34,6,0.21342853092385625,0.19859581123311648
34,8,0.21539914732954027,0.19667530798087043
34,12,0.2074755545513195,0.19308825695817358
34,16,0.2182272106743922,0.18977274711642225
34,32,0.21963392263171908,0.17842936916629185
34,36,0.21779848870877447,0.17596040057605533
34,40,0.23500948499255614,0.17360890589178118
34,48,0.2385727919699934,0.16921848345794704
3434,6,0.42823358881602136,0.4257819675417266
3434,8,0.42779828158844546,0.4236398126585522
3434,12,0.4354381555109524,0.4195516006197998
3434,16,0.429366196304372,0.4156750167823881
3434,32,0.4590038569342332,0.4017006187643648
3434,36,0.4659409165666058,0.3985084154331135
3434,40,0.43877518026207296,0.39541581284443733
3434,48,0.4378154256116452,0.3895010493762389
344,6,0.348425848008105,0.32836262225687185
344,8,0.33113832287882267,0.32628984316011655
344,12,0.34469030146405416,0.3223589034924451
344,16,0.3287631063711586,0.31865906813662287
344,32,0.3577650713728054,0.30552288041728254
344,36,0.34719619741652386,0.3025637688139741
344,40,0.3718412687638532,0.2997112001995431
344,48,0.3718968340619482,0.2942938717870554
3444,6,0.4516633614882806,0.4582646527290135
3444,8,0.4753653435789241,0.45610394761892525
3444,12,0.4645102620861837,0.45197363509526417
3444,16,0.4842805429374286,0.448049658167957
3444,32,0.4844430165672807,0.43384937139593255
3444,36,0.4830954627220172,0.4305940220141417
3444,40,0.48949846030782806,0.42743624342682296
3444,48,0.4848786590592402,0.42138593254694284
4,6,0.09740236312820834,0.09184410890582373
4,8,0.09939210852700046,0.0902064781627749
4,12,0.09941160241076487,0.08725027149346144
4,16,0.10809229274782542,0.08462719307689347
4,32,0.12450287308361241,0.07635538091292807
4,36,0.12205809795561602,0.07468522502041494
4,40,0.13302991927519622,0.07313399746972911
4,48,0.13782918246817505,0.07033548323123133
44,6,0.2282711405517425,0.23101574053647153
44,8,0.24108942292901234,0.22904685115094156
44,12,0.24375817214981738,0.22535076277999877
44,16,0.24864195349326473,0.22191377546143945
44,32,0.2586376089865674,0.21000892012788785
44,36,0.24877882561490125,0.2073878991420756
44,40,0.258954585945296,0.20488158887593716
44,48,0.2718912437725851,0.20017583193668903
444,6,0.37501830369831,0.3608299698777585
444,8,0.3863467388664182,0.3587313111851105
444,12,0.3692346714042821,0.354741738960376
444,16,0.38705645321739307,0.3509760687966745
444,32,0.3941562601456066,0.3375285012390492
444,36,0.4046885169772374,0.3344830421012019
444,40,0.38173976175348723,0.33154166270459334
444,48,0.4070190385434512,0.3259406338693224
4444,6,0.5178392165551492,0.49075085453340495
4444,8,0.5224965327648204,0.4885732831028234
4444,12,0.5072156339851858,0.48440467647024704
4444,16,0.5253582344715368,0.4804375659551809
4444,32,0.4898479936356291,0.4660313252735343
4444,36,0.5151466163857209,0.4627182947236082
4444,40,0.5402114379394894,0.4595009316598045
4444,48,0.505852466476275,0.4533265434756136
