name,submission_time,application,num_gpus,target_batch_size,target_lr,target_gradient_steps,target_metric
roberta-base@mrpc-0,45,roberta-base@mrpc,1,128,1e-3,8,0.9071803852889667
roberta-base@sst2-1,92,roberta-base@sst2,4,128,1e-3,8,0.9518348623853211
roberta-base@rte-2,766,roberta-base@rte,1,16,1e-4,1,0.7111913357400722
roberta-base@snli-3,786,roberta-base@snli,2,64,1e-4,4,0.9103840682788051
roberta-base@qnli-4,1280,roberta-base@qnli,1,128,4e-5,8,0.9031667581914699
roberta-base@qqp-5,1987,roberta-base@qqp,16,64,1e-4,4,0.8587477826686815
roberta-base@sst2-6,2229,roberta-base@sst2,8,128,1e-3,8,0.9518348623853211
roberta-base@qnli-7,2634,roberta-base@qnli,4,128,4e-5,8,0.9031667581914699
roberta-base@qnli-8,2660,roberta-base@qnli,2,128,4e-5,8,0.9031667581914699
roberta-base@qnli-9,3002,roberta-base@qnli,8,128,4e-5,8,0.9031667581914699
roberta-base@sst2-10,3002,roberta-base@sst2,8,128,1e-3,8,0.9518348623853211
roberta-base@sst2-11,3014,roberta-base@sst2,4,128,1e-3,8,0.9518348623853211
roberta-base@mrpc-12,3459,roberta-base@mrpc,1,128,1e-3,8,0.9071803852889667
roberta-base@wnli-13,3853,roberta-base@wnli,1,16,4e-4,1,0.5633802816901409
roberta-base@rte-14,4072,roberta-base@rte,1,16,1e-4,1,0.7111913357400722
roberta-base@qnli-15,4853,roberta-base@qnli,8,128,4e-5,8,0.9031667581914699
roberta-base@mnli-16,4906,roberta-base@mnli,8,192,1e-3,12,0.8713194090677534
roberta-base@qqp-17,4906,roberta-base@qqp,2,64,1e-4,4,0.8587477826686815
roberta-base@sst2-18,5098,roberta-base@sst2,8,128,1e-3,8,0.9518348623853211
roberta-base@qqp-19,6003,roberta-base@qqp,8,64,1e-4,4,0.8587477826686815
roberta-base@mnli-20,6111,roberta-base@mnli,8,192,1e-3,12,0.8713194090677534
roberta-base@sst2-21,6467,roberta-base@sst2,8,128,1e-3,8,0.9518348623853211
roberta-base@qnli-22,7246,roberta-base@qnli,4,128,4e-5,8,0.9031667581914699
roberta-base@sst2-23,7246,roberta-base@sst2,4,128,1e-3,8,0.9518348623853211
roberta-base@sst2-24,7328,roberta-base@sst2,4,128,1e-3,8,0.9518348623853211
roberta-base@qnli-25,7430,roberta-base@qnli,4,128,4e-5,8,0.9031667581914699
roberta-base@sst2-26,7490,roberta-base@sst2,4,128,1e-3,8,0.9518348623853211
roberta-base@sst2-27,7516,roberta-base@sst2,1,128,1e-3,8,0.9518348623853211
roberta-base@sst2-28,7670,roberta-base@sst2,4,128,1e-3,8,0.9518348623853211
roberta-base@sst2-29,7719,roberta-base@sst2,4,128,1e-3,8,0.9518348623853211
roberta-base@qnli-30,7774,roberta-base@qnli,1,128,4e-5,8,0.9031667581914699
roberta-base@rte-31,8067,roberta-base@rte,1,16,1e-4,1,0.7111913357400722
roberta-base@qnli-32,8264,roberta-base@qnli,1,128,4e-5,8,0.9031667581914699
roberta-base@sst2-33,8267,roberta-base@sst2,1,128,1e-3,8,0.9518348623853211
roberta-base@rte-34,8364,roberta-base@rte,1,16,1e-4,1,0.7111913357400722
roberta-base@qnli-35,8718,roberta-base@qnli,1,128,4e-5,8,0.9031667581914699
roberta-base@qnli-36,8748,roberta-base@qnli,2,128,4e-5,8,0.9031667581914699
roberta-base@qnli-37,8768,roberta-base@qnli,1,128,4e-5,8,0.9031667581914699
roberta-base@mrpc-38,9026,roberta-base@mrpc,1,128,1e-3,8,0.9071803852889667
roberta-base@wnli-39,9147,roberta-base@wnli,1,16,4e-4,1,0.5633802816901409
roberta-base@mnli-40,9491,roberta-base@mnli,2,192,1e-3,12,0.8713194090677534
roberta-base@wnli-41,9538,roberta-base@wnli,1,16,4e-4,1,0.5633802816901409
roberta-base@mrpc-42,9538,roberta-base@mrpc,1,128,1e-3,8,0.9071803852889667
roberta-base@mrpc-43,9538,roberta-base@mrpc,1,128,1e-3,8,0.9071803852889667
roberta-base@rte-44,9538,roberta-base@rte,1,16,1e-4,1,0.7111913357400722
roberta-base@wnli-45,9539,roberta-base@wnli,1,16,4e-4,1,0.5633802816901409
roberta-base@wnli-46,9539,roberta-base@wnli,1,16,4e-4,1,0.5633802816901409
roberta-base@qnli-47,9612,roberta-base@qnli,1,128,4e-5,8,0.9031667581914699
roberta-base@mrpc-48,9707,roberta-base@mrpc,1,128,1e-3,8,0.9071803852889667
roberta-base@wnli-49,10052,roberta-base@wnli,1,16,4e-4,1,0.5633802816901409
roberta-base@rte-50,10462,roberta-base@rte,1,16,1e-4,1,0.7111913357400722
roberta-base@mrpc-51,10587,roberta-base@mrpc,1,128,1e-3,8,0.9071803852889667
roberta-base@snli-52,10617,roberta-base@snli,8,64,1e-4,4,0.9103840682788051
roberta-base@mnli-53,10618,roberta-base@mnli,2,192,1e-3,12,0.8713194090677534
roberta-base@qqp-54,10618,roberta-base@qqp,8,64,1e-4,4,0.8587477826686815
roberta-base@mrpc-55,10835,roberta-base@mrpc,2,128,1e-3,8,0.9071803852889667
roberta-base@rte-56,11194,roberta-base@rte,2,16,1e-4,1,0.7111913357400722
roberta-base@mrpc-57,11370,roberta-base@mrpc,2,128,1e-3,8,0.9071803852889667
roberta-base@mrpc-58,11370,roberta-base@mrpc,1,128,1e-3,8,0.9071803852889667
roberta-base@rte-59,11696,roberta-base@rte,1,16,1e-4,1,0.7111913357400722
roberta-base@stsb-60,11714,roberta-base@stsb,1,16,1e-4,1,0.897162551068598
roberta-base@wnli-61,12033,roberta-base@wnli,1,16,4e-4,1,0.5633802816901409
roberta-base@stsb-62,12079,roberta-base@stsb,1,16,1e-4,1,0.897162551068598
roberta-base@snli-63,12082,roberta-base@snli,8,64,1e-4,4,0.9103840682788051
roberta-base@wnli-64,12378,roberta-base@wnli,1,16,4e-4,1,0.5633802816901409
roberta-base@sst2-65,12456,roberta-base@sst2,16,128,1e-3,8,0.9518348623853211
roberta-base@stsb-66,13108,roberta-base@stsb,1,16,1e-4,1,0.897162551068598
roberta-base@rte-67,13468,roberta-base@rte,1,16,1e-4,1,0.7111913357400722
roberta-base@qnli-68,13470,roberta-base@qnli,4,128,4e-5,8,0.9031667581914699
roberta-base@wnli-69,13911,roberta-base@wnli,1,16,4e-4,1,0.5633802816901409
roberta-base@qqp-70,14031,roberta-base@qqp,2,64,1e-4,4,0.8587477826686815
roberta-base@qnli-71,14066,roberta-base@qnli,1,128,4e-5,8,0.9031667581914699
roberta-base@qqp-72,14109,roberta-base@qqp,8,64,1e-4,4,0.8587477826686815
roberta-base@sst2-73,14275,roberta-base@sst2,1,128,1e-3,8,0.9518348623853211
roberta-base@wnli-74,14353,roberta-base@wnli,1,16,4e-4,1,0.5633802816901409
roberta-base@qnli-75,15165,roberta-base@qnli,8,128,4e-5,8,0.9031667581914699
roberta-base@sst2-76,15342,roberta-base@sst2,1,128,1e-3,8,0.9518348623853211
roberta-base@qnli-77,15496,roberta-base@qnli,8,128,4e-5,8,0.9031667581914699
roberta-base@rte-78,16030,roberta-base@rte,1,16,1e-4,1,0.7111913357400722
roberta-base@wnli-79,16773,roberta-base@wnli,1,16,4e-4,1,0.5633802816901409
roberta-base@mrpc-80,17132,roberta-base@mrpc,1,128,1e-3,8,0.9071803852889667
roberta-base@wnli-81,17154,roberta-base@wnli,1,16,4e-4,1,0.5633802816901409
roberta-base@sst2-82,17159,roberta-base@sst2,2,128,1e-3,8,0.9518348623853211
roberta-base@qqp-83,17263,roberta-base@qqp,2,64,1e-4,4,0.8587477826686815
roberta-base@stsb-84,17581,roberta-base@stsb,1,16,1e-4,1,0.897162551068598
roberta-base@wnli-85,17864,roberta-base@wnli,1,16,4e-4,1,0.5633802816901409
roberta-base@wnli-86,18187,roberta-base@wnli,1,16,4e-4,1,0.5633802816901409
roberta-base@sst2-87,18254,roberta-base@sst2,2,128,1e-3,8,0.9518348623853211
roberta-base@sst2-88,18835,roberta-base@sst2,1,128,1e-3,8,0.9518348623853211
roberta-base@qnli-89,19136,roberta-base@qnli,8,128,4e-5,8,0.9031667581914699
roberta-base@qqp-90,19137,roberta-base@qqp,2,64,1e-4,4,0.8587477826686815
roberta-base@sst2-91,19137,roberta-base@sst2,8,128,1e-3,8,0.9518348623853211
roberta-base@rte-92,19211,roberta-base@rte,1,16,1e-4,1,0.7111913357400722
roberta-base@sst2-93,19247,roberta-base@sst2,8,128,1e-3,8,0.9518348623853211
roberta-base@sst2-94,19247,roberta-base@sst2,8,128,1e-3,8,0.9518348623853211
roberta-base@sst2-95,19247,roberta-base@sst2,8,128,1e-3,8,0.9518348623853211
roberta-base@qnli-96,19734,roberta-base@qnli,1,128,4e-5,8,0.9031667581914699
roberta-base@mnli-97,20006,roberta-base@mnli,2,192,1e-3,12,0.8713194090677534
roberta-base@sst2-98,20140,roberta-base@sst2,1,128,1e-3,8,0.9518348623853211
roberta-base@stsb-99,21050,roberta-base@stsb,1,16,1e-4,1,0.897162551068598
roberta-base@sst2-100,21147,roberta-base@sst2,8,128,1e-3,8,0.9518348623853211
roberta-base@qnli-101,21147,roberta-base@qnli,8,128,4e-5,8,0.9031667581914699
roberta-base@stsb-102,21258,roberta-base@stsb,1,16,1e-4,1,0.897162551068598
roberta-base@qnli-103,21333,roberta-base@qnli,1,128,4e-5,8,0.9031667581914699
roberta-base@qnli-104,21547,roberta-base@qnli,8,128,4e-5,8,0.9031667581914699
roberta-base@sst2-105,21547,roberta-base@sst2,8,128,1e-3,8,0.9518348623853211
roberta-base@sst2-106,21547,roberta-base@sst2,8,128,1e-3,8,0.9518348623853211
roberta-base@sst2-107,21547,roberta-base@sst2,8,128,1e-3,8,0.9518348623853211
roberta-base@sst2-108,21548,roberta-base@sst2,8,128,1e-3,8,0.9518348623853211
roberta-base@qnli-109,21548,roberta-base@qnli,8,128,4e-5,8,0.9031667581914699
roberta-base@sst2-110,21548,roberta-base@sst2,8,128,1e-3,8,0.9518348623853211
roberta-base@qnli-111,21548,roberta-base@qnli,8,128,4e-5,8,0.9031667581914699
roberta-base@sst2-112,21548,roberta-base@sst2,8,128,1e-3,8,0.9518348623853211
roberta-base@sst2-113,21548,roberta-base@sst2,8,128,1e-3,8,0.9518348623853211
roberta-base@rte-114,21891,roberta-base@rte,1,16,1e-4,1,0.7111913357400722
roberta-base@qnli-115,22260,roberta-base@qnli,8,128,4e-5,8,0.9031667581914699
roberta-base@mrpc-116,22395,roberta-base@mrpc,1,128,1e-3,8,0.9071803852889667
roberta-base@qnli-117,22654,roberta-base@qnli,8,128,4e-5,8,0.9031667581914699
roberta-base@sst2-118,22654,roberta-base@sst2,8,128,1e-3,8,0.9518348623853211
roberta-base@qnli-119,22654,roberta-base@qnli,8,128,4e-5,8,0.9031667581914699
roberta-base@qnli-120,22654,roberta-base@qnli,8,128,4e-5,8,0.9031667581914699
roberta-base@qnli-121,22654,roberta-base@qnli,8,128,4e-5,8,0.9031667581914699
roberta-base@qnli-122,22654,roberta-base@qnli,8,128,4e-5,8,0.9031667581914699
roberta-base@sst2-123,22655,roberta-base@sst2,8,128,1e-3,8,0.9518348623853211
roberta-base@sst2-124,22655,roberta-base@sst2,8,128,1e-3,8,0.9518348623853211
roberta-base@qnli-125,22655,roberta-base@qnli,8,128,4e-5,8,0.9031667581914699
roberta-base@sst2-126,22655,roberta-base@sst2,8,128,1e-3,8,0.9518348623853211
roberta-base@sst2-127,22655,roberta-base@sst2,8,128,1e-3,8,0.9518348623853211
roberta-base@sst2-128,22655,roberta-base@sst2,8,128,1e-3,8,0.9518348623853211
roberta-base@qnli-129,22655,roberta-base@qnli,8,128,4e-5,8,0.9031667581914699
roberta-base@qnli-130,22655,roberta-base@qnli,8,128,4e-5,8,0.9031667581914699
roberta-base@qnli-131,22655,roberta-base@qnli,8,128,4e-5,8,0.9031667581914699
roberta-base@qnli-132,22655,roberta-base@qnli,8,128,4e-5,8,0.9031667581914699
roberta-base@sst2-133,22655,roberta-base@sst2,8,128,1e-3,8,0.9518348623853211
roberta-base@qnli-134,22655,roberta-base@qnli,8,128,4e-5,8,0.9031667581914699
roberta-base@sst2-135,22655,roberta-base@sst2,8,128,1e-3,8,0.9518348623853211
roberta-base@wnli-136,22896,roberta-base@wnli,1,16,4e-4,1,0.5633802816901409
roberta-base@wnli-137,22913,roberta-base@wnli,1,16,4e-4,1,0.5633802816901409
roberta-base@sst2-138,23166,roberta-base@sst2,8,128,1e-3,8,0.9518348623853211
roberta-base@sst2-139,23298,roberta-base@sst2,8,128,1e-3,8,0.9518348623853211
roberta-base@qnli-140,23298,roberta-base@qnli,8,128,4e-5,8,0.9031667581914699
roberta-base@qnli-141,23833,roberta-base@qnli,8,128,4e-5,8,0.9031667581914699
roberta-base@sst2-142,24306,roberta-base@sst2,8,128,1e-3,8,0.9518348623853211
roberta-base@qnli-143,24583,roberta-base@qnli,1,128,4e-5,8,0.9031667581914699
roberta-base@sst2-144,24611,roberta-base@sst2,1,128,1e-3,8,0.9518348623853211
roberta-base@qnli-145,24715,roberta-base@qnli,1,128,4e-5,8,0.9031667581914699
roberta-base@stsb-146,24844,roberta-base@stsb,1,16,1e-4,1,0.897162551068598
roberta-base@stsb-147,25165,roberta-base@stsb,1,16,1e-4,1,0.897162551068598
roberta-base@qnli-148,25326,roberta-base@qnli,8,128,4e-5,8,0.9031667581914699
roberta-base@sst2-149,25326,roberta-base@sst2,8,128,1e-3,8,0.9518348623853211
roberta-base@sst2-150,25475,roberta-base@sst2,8,128,1e-3,8,0.9518348623853211
roberta-base@stsb-151,25611,roberta-base@stsb,1,16,1e-4,1,0.897162551068598
roberta-base@sst2-152,25688,roberta-base@sst2,1,128,1e-3,8,0.9518348623853211
roberta-base@qnli-153,25892,roberta-base@qnli,1,128,4e-5,8,0.9031667581914699
roberta-base@rte-154,25946,roberta-base@rte,1,16,1e-4,1,0.7111913357400722
roberta-base@rte-155,26066,roberta-base@rte,1,16,1e-4,1,0.7111913357400722
roberta-base@mrpc-156,26099,roberta-base@mrpc,1,128,1e-3,8,0.9071803852889667
roberta-base@wnli-157,26344,roberta-base@wnli,1,16,4e-4,1,0.5633802816901409
roberta-base@sst2-158,26539,roberta-base@sst2,1,128,1e-3,8,0.9518348623853211
roberta-base@mnli-159,26857,roberta-base@mnli,2,192,1e-3,12,0.8713194090677534
roberta-base@qnli-160,27150,roberta-base@qnli,8,128,4e-5,8,0.9031667581914699
roberta-base@sst2-161,27150,roberta-base@sst2,8,128,1e-3,8,0.9518348623853211
roberta-base@wnli-162,27157,roberta-base@wnli,1,16,4e-4,1,0.5633802816901409
roberta-base@sst2-163,27565,roberta-base@sst2,8,128,1e-3,8,0.9518348623853211
roberta-base@rte-164,27579,roberta-base@rte,1,16,1e-4,1,0.7111913357400722
roberta-base@sst2-165,27871,roberta-base@sst2,1,128,1e-3,8,0.9518348623853211
roberta-base@sst2-166,28092,roberta-base@sst2,8,128,1e-3,8,0.9518348623853211
roberta-base@qnli-167,28092,roberta-base@qnli,8,128,4e-5,8,0.9031667581914699
roberta-base@sst2-168,28092,roberta-base@sst2,8,128,1e-3,8,0.9518348623853211
roberta-base@sst2-169,28092,roberta-base@sst2,8,128,1e-3,8,0.9518348623853211
roberta-base@qnli-170,28092,roberta-base@qnli,8,128,4e-5,8,0.9031667581914699
roberta-base@sst2-171,28092,roberta-base@sst2,8,128,1e-3,8,0.9518348623853211
roberta-base@qnli-172,28092,roberta-base@qnli,8,128,4e-5,8,0.9031667581914699
roberta-base@sst2-173,28093,roberta-base@sst2,8,128,1e-3,8,0.9518348623853211
roberta-base@qnli-174,28093,roberta-base@qnli,8,128,4e-5,8,0.9031667581914699
roberta-base@sst2-175,28093,roberta-base@sst2,8,128,1e-3,8,0.9518348623853211
roberta-base@qnli-176,28093,roberta-base@qnli,8,128,4e-5,8,0.9031667581914699
roberta-base@sst2-177,28093,roberta-base@sst2,8,128,1e-3,8,0.9518348623853211
roberta-base@sst2-178,28093,roberta-base@sst2,8,128,1e-3,8,0.9518348623853211
roberta-base@qnli-179,28634,roberta-base@qnli,8,128,4e-5,8,0.9031667581914699
