name,submission_time,application,num_gpus,target_batch_size,target_lr,target_gradient_steps,target_metric
roberta-large@mrpc-0,45,roberta-large@mrpc,1,64,1e-4,4,0.9061946902654867
roberta-large@qnli-1,786,roberta-large@qnli,2,128,1e-4,8,0.9474647629507597
roberta-large@qnli-2,1280,roberta-large@qnli,1,128,1e-4,8,0.9474647629507597
roberta-large@sst2-3,1987,roberta-large@sst2,2,192,1e-3,12,0.9655963302752294
roberta-large@qnli-4,2634,roberta-large@qnli,4,128,1e-4,8,0.9474647629507597
roberta-large@qnli-5,2660,roberta-large@qnli,2,128,1e-4,8,0.9474647629507597
roberta-large@qnli-6,3002,roberta-large@qnli,8,128,1e-4,8,0.9474647629507597
roberta-large@stsb-7,3459,roberta-large@stsb,1,192,4e-4,12,0.9172494699508488
roberta-large@rte-8,4072,roberta-large@rte,1,16,4e-4,1,0.8880866425992779
roberta-large@qnli-9,4853,roberta-large@qnli,8,128,1e-4,8,0.9474647629507597
roberta-large@mnli-10,4906,roberta-large@mnli,2,192,4e-5,12,0.9019867549668874
roberta-large@qqp-11,6003,roberta-large@qqp,16,128,4e-5,8,0.8584754884373268
roberta-large@mnli-12,6111,roberta-large@mnli,2,192,4e-5,12,0.9019867549668874
roberta-large@qnli-13,7246,roberta-large@qnli,4,128,1e-4,8,0.9474647629507597
roberta-large@sst2-14,7328,roberta-large@sst2,4,192,1e-3,12,0.9655963302752294
roberta-large@wnli-15,7516,roberta-large@wnli,1,16,1e-3,1,0.6338028169014085
roberta-large@sst2-16,7774,roberta-large@sst2,1,192,1e-3,12,0.9655963302752294
roberta-large@rte-17,8067,roberta-large@rte,1,16,4e-4,1,0.8880866425992779
roberta-large@sst2-18,8267,roberta-large@sst2,1,192,1e-3,12,0.9655963302752294
roberta-large@rte-19,8364,roberta-large@rte,1,16,4e-4,1,0.8880866425992779
roberta-large@stsb-20,8718,roberta-large@stsb,1,192,4e-4,12,0.9172494699508488
roberta-large@qnli-21,8748,roberta-large@qnli,2,128,1e-4,8,0.9474647629507597
roberta-large@qnli-22,8768,roberta-large@qnli,1,128,1e-4,8,0.9474647629507597
roberta-large@wnli-23,9147,roberta-large@wnli,1,16,1e-3,1,0.6338028169014085
roberta-large@wnli-24,9538,roberta-large@wnli,1,16,1e-3,1,0.6338028169014085
roberta-large@mrpc-25,9538,roberta-large@mrpc,1,64,1e-4,4,0.9061946902654867
roberta-large@wnli-26,9538,roberta-large@wnli,1,16,1e-3,1,0.6338028169014085
roberta-large@wnli-27,9539,roberta-large@wnli,1,16,1e-3,1,0.6338028169014085
roberta-large@qnli-28,9612,roberta-large@qnli,1,128,1e-4,8,0.9474647629507597
roberta-large@wnli-29,9707,roberta-large@wnli,1,16,1e-3,1,0.6338028169014085
roberta-large@wnli-30,10052,roberta-large@wnli,1,16,1e-3,1,0.6338028169014085
roberta-large@rte-31,10462,roberta-large@rte,1,16,4e-4,1,0.8880866425992779
roberta-large@snli-32,10617,roberta-large@snli,8,192,4e-5,12,0.9258280837228205
roberta-large@mnli-33,10618,roberta-large@mnli,8,192,4e-5,12,0.9019867549668874
roberta-large@rte-34,11194,roberta-large@rte,2,16,4e-4,1,0.8880866425992779
roberta-large@rte-35,11696,roberta-large@rte,1,16,4e-4,1,0.8880866425992779
roberta-large@stsb-36,11714,roberta-large@stsb,1,192,4e-4,12,0.9172494699508488
roberta-large@stsb-37,12079,roberta-large@stsb,1,192,4e-4,12,0.9172494699508488
roberta-large@snli-38,12082,roberta-large@snli,8,192,4e-5,12,0.9258280837228205
roberta-large@sst2-39,12456,roberta-large@sst2,16,192,1e-3,12,0.9655963302752294
roberta-large@stsb-40,13108,roberta-large@stsb,1,192,4e-4,12,0.9172494699508488
roberta-large@rte-41,13468,roberta-large@rte,1,16,4e-4,1,0.8880866425992779
roberta-large@qnli-42,13470,roberta-large@qnli,4,128,1e-4,8,0.9474647629507597
roberta-large@wnli-43,13911,roberta-large@wnli,1,16,1e-3,1,0.6338028169014085
roberta-large@qqp-44,14031,roberta-large@qqp,8,128,4e-5,8,0.8584754884373268
roberta-large@qnli-45,14066,roberta-large@qnli,1,128,1e-4,8,0.9474647629507597
roberta-large@qqp-46,14109,roberta-large@qqp,8,128,4e-5,8,0.8584754884373268
roberta-large@sst2-47,14275,roberta-large@sst2,1,192,1e-3,12,0.9655963302752294
roberta-large@qnli-48,15165,roberta-large@qnli,8,128,1e-4,8,0.9474647629507597
roberta-large@sst2-49,15342,roberta-large@sst2,1,192,1e-3,12,0.9655963302752294
roberta-large@rte-50,16030,roberta-large@rte,1,16,4e-4,1,0.8880866425992779
roberta-large@mrpc-51,16773,roberta-large@mrpc,1,64,1e-4,4,0.9061946902654867
roberta-large@mrpc-52,17132,roberta-large@mrpc,1,64,1e-4,4,0.9061946902654867
roberta-large@qnli-53,17159,roberta-large@qnli,2,128,1e-4,8,0.9474647629507597
roberta-large@qqp-54,17263,roberta-large@qqp,2,128,4e-5,8,0.8584754884373268
roberta-large@wnli-55,18187,roberta-large@wnli,1,16,1e-3,1,0.6338028169014085
roberta-large@sst2-56,18254,roberta-large@sst2,2,192,1e-3,12,0.9655963302752294
roberta-large@rte-57,18835,roberta-large@rte,1,16,4e-4,1,0.8880866425992779
roberta-large@qnli-58,19136,roberta-large@qnli,8,128,1e-4,8,0.9474647629507597
roberta-large@qqp-59,19137,roberta-large@qqp,2,128,4e-5,8,0.8584754884373268
roberta-large@sst2-60,19137,roberta-large@sst2,8,192,1e-3,12,0.9655963302752294
roberta-large@stsb-61,19211,roberta-large@stsb,1,192,4e-4,12,0.9172494699508488
roberta-large@sst2-62,19247,roberta-large@sst2,8,192,1e-3,12,0.9655963302752294
roberta-large@sst2-63,19247,roberta-large@sst2,8,192,1e-3,12,0.9655963302752294
roberta-large@mnli-64,20006,roberta-large@mnli,8,192,4e-5,12,0.9019867549668874
roberta-large@stsb-65,21258,roberta-large@stsb,1,192,4e-4,12,0.9172494699508488
roberta-large@qnli-66,21333,roberta-large@qnli,1,128,1e-4,8,0.9474647629507597
roberta-large@qnli-67,21547,roberta-large@qnli,8,128,1e-4,8,0.9474647629507597
roberta-large@qnli-68,21547,roberta-large@qnli,8,128,1e-4,8,0.9474647629507597
roberta-large@sst2-69,21548,roberta-large@sst2,8,192,1e-3,12,0.9655963302752294
roberta-large@qnli-70,21548,roberta-large@qnli,8,128,1e-4,8,0.9474647629507597
roberta-large@sst2-71,21548,roberta-large@sst2,8,192,1e-3,12,0.9655963302752294
roberta-large@rte-72,21891,roberta-large@rte,1,16,4e-4,1,0.8880866425992779
roberta-large@qnli-73,22260,roberta-large@qnli,8,128,1e-4,8,0.9474647629507597
roberta-large@mrpc-74,22395,roberta-large@mrpc,1,64,1e-4,4,0.9061946902654867
roberta-large@qnli-75,22654,roberta-large@qnli,8,128,1e-4,8,0.9474647629507597
roberta-large@sst2-76,22654,roberta-large@sst2,8,192,1e-3,12,0.9655963302752294
roberta-large@qnli-77,22654,roberta-large@qnli,8,128,1e-4,8,0.9474647629507597
roberta-large@qnli-78,22654,roberta-large@qnli,8,128,1e-4,8,0.9474647629507597
roberta-large@sst2-79,22655,roberta-large@sst2,8,192,1e-3,12,0.9655963302752294
roberta-large@sst2-80,22655,roberta-large@sst2,8,192,1e-3,12,0.9655963302752294
roberta-large@qnli-81,22655,roberta-large@qnli,8,128,1e-4,8,0.9474647629507597
roberta-large@sst2-82,22655,roberta-large@sst2,8,192,1e-3,12,0.9655963302752294
roberta-large@sst2-83,22655,roberta-large@sst2,8,192,1e-3,12,0.9655963302752294
roberta-large@sst2-84,22655,roberta-large@sst2,8,192,1e-3,12,0.9655963302752294
roberta-large@qnli-85,22655,roberta-large@qnli,8,128,1e-4,8,0.9474647629507597
roberta-large@qnli-86,22655,roberta-large@qnli,8,128,1e-4,8,0.9474647629507597
roberta-large@qnli-87,22655,roberta-large@qnli,8,128,1e-4,8,0.9474647629507597
roberta-large@sst2-88,23166,roberta-large@sst2,8,192,1e-3,12,0.9655963302752294
roberta-large@sst2-89,23298,roberta-large@sst2,8,192,1e-3,12,0.9655963302752294
roberta-large@qnli-90,23298,roberta-large@qnli,8,128,1e-4,8,0.9474647629507597
roberta-large@qnli-91,23833,roberta-large@qnli,8,128,1e-4,8,0.9474647629507597
roberta-large@sst2-92,24306,roberta-large@sst2,8,192,1e-3,12,0.9655963302752294
roberta-large@sst2-93,24583,roberta-large@sst2,1,192,1e-3,12,0.9655963302752294
roberta-large@sst2-94,24611,roberta-large@sst2,1,192,1e-3,12,0.9655963302752294
roberta-large@qnli-95,24715,roberta-large@qnli,1,128,1e-4,8,0.9474647629507597
roberta-large@stsb-96,25165,roberta-large@stsb,1,192,4e-4,12,0.9172494699508488
roberta-large@qnli-97,25326,roberta-large@qnli,8,128,1e-4,8,0.9474647629507597
roberta-large@sst2-98,25475,roberta-large@sst2,8,192,1e-3,12,0.9655963302752294
roberta-large@sst2-99,25688,roberta-large@sst2,1,192,1e-3,12,0.9655963302752294
roberta-large@rte-100,25946,roberta-large@rte,1,16,4e-4,1,0.8880866425992779
roberta-large@rte-101,26066,roberta-large@rte,1,16,4e-4,1,0.8880866425992779
roberta-large@mrpc-102,26099,roberta-large@mrpc,1,64,1e-4,4,0.9061946902654867
roberta-large@wnli-103,26344,roberta-large@wnli,1,16,1e-3,1,0.6338028169014085
roberta-large@sst2-104,26539,roberta-large@sst2,1,192,1e-3,12,0.9655963302752294
roberta-large@qnli-105,26857,roberta-large@qnli,2,128,1e-4,8,0.9474647629507597
roberta-large@qnli-106,27150,roberta-large@qnli,8,128,1e-4,8,0.9474647629507597
roberta-large@qnli-107,27150,roberta-large@qnli,8,128,1e-4,8,0.9474647629507597
roberta-large@wnli-108,27157,roberta-large@wnli,1,16,1e-3,1,0.6338028169014085
roberta-large@sst2-109,27565,roberta-large@sst2,8,192,1e-3,12,0.9655963302752294
roberta-large@sst2-110,27871,roberta-large@sst2,1,192,1e-3,12,0.9655963302752294
roberta-large@sst2-111,28092,roberta-large@sst2,8,192,1e-3,12,0.9655963302752294
roberta-large@qnli-112,28092,roberta-large@qnli,8,128,1e-4,8,0.9474647629507597
roberta-large@sst2-113,28092,roberta-large@sst2,8,192,1e-3,12,0.9655963302752294
roberta-large@sst2-114,28092,roberta-large@sst2,8,192,1e-3,12,0.9655963302752294
roberta-large@sst2-115,28093,roberta-large@sst2,8,192,1e-3,12,0.9655963302752294
roberta-large@qnli-116,28093,roberta-large@qnli,8,128,1e-4,8,0.9474647629507597
roberta-large@sst2-117,28093,roberta-large@sst2,8,192,1e-3,12,0.9655963302752294
roberta-large@sst2-118,28093,roberta-large@sst2,8,192,1e-3,12,0.9655963302752294
roberta-large@sst2-119,28634,roberta-large@sst2,8,192,1e-3,12,0.9655963302752294
