name,submission_time,application,num_gpus,target_batch_size,target_lr,target_gradient_steps,target_metric
vit@frgfm#imagenette-0,45,vit@frgfm#imagenette,1,48,4e-4,1,0.9903184713375797
vit@imagenet-split-1-1,92,vit@imagenet-split-1,4,384,1e-3,8,0.9122666666666667
vit@frgfm#imagenette-2,491,vit@frgfm#imagenette,1,48,4e-4,1,0.9903184713375797
vit@Bingsu#Cat_and_Dog-3,510,vit@Bingsu#Cat_and_Dog,1,576,1e-4,12,0.9975
vit@Bingsu#Cat_and_Dog-4,766,vit@Bingsu#Cat_and_Dog,1,576,1e-4,12,0.9975
vit@Bingsu#Cat_and_Dog-5,782,vit@Bingsu#Cat_and_Dog,1,576,1e-4,12,0.9975
vit@food101-6,786,vit@food101,2,48,4e-4,1,0.824990099009901
vit@imagenet-split-0-7,1280,vit@imagenet-split-0,1,192,1e-3,4,0.9728
vit@Bingsu#Cat_and_Dog-8,1322,vit@Bingsu#Cat_and_Dog,1,576,1e-4,12,0.9975
vit@mnist-9,1576,vit@mnist,8,48,4e-4,1,0.9905
vit@Bingsu#Cat_and_Dog-10,1747,vit@Bingsu#Cat_and_Dog,1,576,1e-4,12,0.9975
vit@imagenet-split-2-11,1987,vit@imagenet-split-2,2,48,4e-4,1,0.8862
vit@frgfm#imagenette-12,2174,vit@frgfm#imagenette,1,48,4e-4,1,0.9903184713375797
vit@imagenet-split-2-13,2217,vit@imagenet-split-2,2,48,4e-4,1,0.8862
vit@imagenet-split-1-14,2229,vit@imagenet-split-1,8,384,1e-3,8,0.9122666666666667
vit@imagenet-split-2-15,2296,vit@imagenet-split-2,2,48,4e-4,1,0.8862
vit@food101-16,2296,vit@food101,2,48,4e-4,1,0.824990099009901
vit@mnist-17,2374,vit@mnist,1,48,4e-4,1,0.9905
vit@imagenet-split-1-18,2634,vit@imagenet-split-1,4,384,1e-3,8,0.9122666666666667
vit@imagenet-split-0-19,2660,vit@imagenet-split-0,2,192,1e-3,4,0.9728
vit@mnist-20,3002,vit@mnist,8,48,4e-4,1,0.9905
vit@mnist-21,3002,vit@mnist,8,48,4e-4,1,0.9905
vit@mnist-22,3002,vit@mnist,8,48,4e-4,1,0.9905
vit@imagenet-split-0-23,3014,vit@imagenet-split-0,4,192,1e-3,4,0.9728
vit@imagenet-split-1-24,3350,vit@imagenet-split-1,4,384,1e-3,8,0.9122666666666667
vit@frgfm#imagenette-25,3459,vit@frgfm#imagenette,1,48,4e-4,1,0.9903184713375797
vit@mnist-26,3831,vit@mnist,8,48,4e-4,1,0.9905
vit@frgfm#imagenette-27,3853,vit@frgfm#imagenette,1,48,4e-4,1,0.9903184713375797
vit@imagenet-split-2-28,3999,vit@imagenet-split-2,2,48,4e-4,1,0.8862
vit@frgfm#imagenette-29,4072,vit@frgfm#imagenette,1,48,4e-4,1,0.9903184713375797
vit@Bingsu#Cat_and_Dog-30,4256,vit@Bingsu#Cat_and_Dog,1,576,1e-4,12,0.9975
vit@Bingsu#Cat_and_Dog-31,4295,vit@Bingsu#Cat_and_Dog,1,576,1e-4,12,0.9975
vit@imagenet-split-0-32,4421,vit@imagenet-split-0,4,192,1e-3,4,0.9728
vit@food101-33,4451,vit@food101,4,48,4e-4,1,0.824990099009901
vit@mnist-34,4853,vit@mnist,8,48,4e-4,1,0.9905
vit@fashion_mnist-35,4853,vit@fashion_mnist,8,576,1e-3,12,0.9329
vit@food101-36,4906,vit@food101,2,48,4e-4,1,0.824990099009901
vit@food101-37,4906,vit@food101,8,48,4e-4,1,0.824990099009901
vit@fashion_mnist-38,5098,vit@fashion_mnist,8,576,1e-3,12,0.9329
vit@fashion_mnist-39,5295,vit@fashion_mnist,8,576,1e-3,12,0.9329
vit@Bingsu#Cat_and_Dog-40,5345,vit@Bingsu#Cat_and_Dog,1,576,1e-4,12,0.9975
vit@frgfm#imagenette-41,5376,vit@frgfm#imagenette,1,48,4e-4,1,0.9903184713375797
vit@imagenet-split-2-42,5623,vit@imagenet-split-2,8,48,4e-4,1,0.8862
vit@frgfm#imagenette-43,5792,vit@frgfm#imagenette,1,48,4e-4,1,0.9903184713375797
vit@imagenet-split-0-44,5985,vit@imagenet-split-0,4,192,1e-3,4,0.9728
vit@imagenet-split-2-45,6003,vit@imagenet-split-2,2,48,4e-4,1,0.8862
vit@food101-46,6022,vit@food101,8,48,4e-4,1,0.824990099009901
vit@food101-47,6111,vit@food101,2,48,4e-4,1,0.824990099009901
vit@Bingsu#Cat_and_Dog-48,6126,vit@Bingsu#Cat_and_Dog,1,576,1e-4,12,0.9975
vit@imagenet-split-2-49,6133,vit@imagenet-split-2,8,48,4e-4,1,0.8862
vit@fashion_mnist-50,6432,vit@fashion_mnist,1,576,1e-3,12,0.9329
vit@frgfm#imagenette-51,6443,vit@frgfm#imagenette,1,48,4e-4,1,0.9903184713375797
vit@mnist-52,6467,vit@mnist,8,48,4e-4,1,0.9905
vit@imagenet-split-0-53,6742,vit@imagenet-split-0,4,192,1e-3,4,0.9728
vit@frgfm#imagenette-54,6828,vit@frgfm#imagenette,1,48,4e-4,1,0.9903184713375797
vit@mnist-55,6858,vit@mnist,1,48,4e-4,1,0.9905
vit@frgfm#imagenette-56,6887,vit@frgfm#imagenette,1,48,4e-4,1,0.9903184713375797
vit@fashion_mnist-57,6987,vit@fashion_mnist,4,576,1e-3,12,0.9329
vit@fashion_mnist-58,6987,vit@fashion_mnist,4,576,1e-3,12,0.9329
vit@cifar100-59,7000,vit@cifar100,1,576,1e-3,12,0.7871
vit@imagenet-split-0-60,7004,vit@imagenet-split-0,8,192,1e-3,4,0.9728
vit@frgfm#imagenette-61,7040,vit@frgfm#imagenette,1,48,4e-4,1,0.9903184713375797
vit@frgfm#imagenette-62,7190,vit@frgfm#imagenette,1,48,4e-4,1,0.9903184713375797
vit@Bingsu#Cat_and_Dog-63,7206,vit@Bingsu#Cat_and_Dog,1,576,1e-4,12,0.9975
vit@imagenet-split-0-64,7246,vit@imagenet-split-0,4,192,1e-3,4,0.9728
vit@cifar100-65,7246,vit@cifar100,4,576,1e-3,12,0.7871
vit@mnist-66,7279,vit@mnist,4,48,4e-4,1,0.9905
vit@mnist-67,7297,vit@mnist,4,48,4e-4,1,0.9905
vit@imagenet-split-1-68,7328,vit@imagenet-split-1,4,384,1e-3,8,0.9122666666666667
vit@fashion_mnist-69,7380,vit@fashion_mnist,4,576,1e-3,12,0.9329
vit@cifar100-70,7430,vit@cifar100,4,576,1e-3,12,0.7871
vit@fashion_mnist-71,7455,vit@fashion_mnist,4,576,1e-3,12,0.9329
vit@imagenet-split-1-72,7490,vit@imagenet-split-1,4,384,1e-3,8,0.9122666666666667
vit@Bingsu#Cat_and_Dog-73,7516,vit@Bingsu#Cat_and_Dog,1,576,1e-4,12,0.9975
vit@frgfm#imagenette-74,7528,vit@frgfm#imagenette,1,48,4e-4,1,0.9903184713375797
vit@imagenet-split-1-75,7570,vit@imagenet-split-1,4,384,1e-3,8,0.9122666666666667
vit@mnist-76,7579,vit@mnist,4,48,4e-4,1,0.9905
vit@Bingsu#Cat_and_Dog-77,7602,vit@Bingsu#Cat_and_Dog,1,576,1e-4,12,0.9975
vit@fashion_mnist-78,7620,vit@fashion_mnist,4,576,1e-3,12,0.9329
vit@cifar100-79,7670,vit@cifar100,4,576,1e-3,12,0.7871
vit@mnist-80,7719,vit@mnist,4,48,4e-4,1,0.9905
vit@mnist-81,7768,vit@mnist,4,48,4e-4,1,0.9905
vit@frgfm#imagenette-82,7774,vit@frgfm#imagenette,1,48,4e-4,1,0.9903184713375797
vit@imagenet-split-0-83,7814,vit@imagenet-split-0,4,192,1e-3,4,0.9728
vit@imagenet-split-2-84,7829,vit@imagenet-split-2,8,48,4e-4,1,0.8862
vit@fashion_mnist-85,7864,vit@fashion_mnist,4,576,1e-3,12,0.9329
vit@mnist-86,7915,vit@mnist,4,48,4e-4,1,0.9905
vit@frgfm#imagenette-87,7936,vit@frgfm#imagenette,1,48,4e-4,1,0.9903184713375797
vit@Bingsu#Cat_and_Dog-88,7949,vit@Bingsu#Cat_and_Dog,1,576,1e-4,12,0.9975
vit@fashion_mnist-89,8016,vit@fashion_mnist,4,576,1e-3,12,0.9329
vit@cifar100-90,8044,vit@cifar100,1,576,1e-3,12,0.7871
vit@imagenet-split-1-91,8065,vit@imagenet-split-1,4,384,1e-3,8,0.9122666666666667
vit@Bingsu#Cat_and_Dog-92,8067,vit@Bingsu#Cat_and_Dog,1,576,1e-4,12,0.9975
vit@imagenet-split-0-93,8089,vit@imagenet-split-0,1,192,1e-3,4,0.9728
vit@imagenet-split-1-94,8116,vit@imagenet-split-1,4,384,1e-3,8,0.9122666666666667
vit@fashion_mnist-95,8134,vit@fashion_mnist,1,576,1e-3,12,0.9329
vit@imagenet-split-1-96,8169,vit@imagenet-split-1,4,384,1e-3,8,0.9122666666666667
vit@frgfm#imagenette-97,8217,vit@frgfm#imagenette,1,48,4e-4,1,0.9903184713375797
vit@imagenet-split-2-98,8219,vit@imagenet-split-2,2,48,4e-4,1,0.8862
vit@imagenet-split-0-99,8237,vit@imagenet-split-0,1,192,1e-3,4,0.9728
vit@imagenet-split-1-100,8241,vit@imagenet-split-1,1,384,1e-3,8,0.9122666666666667
vit@imagenet-split-1-101,8245,vit@imagenet-split-1,1,384,1e-3,8,0.9122666666666667
vit@fashion_mnist-102,8250,vit@fashion_mnist,1,576,1e-3,12,0.9329
vit@cifar100-103,8260,vit@cifar100,1,576,1e-3,12,0.7871
vit@imagenet-split-0-104,8264,vit@imagenet-split-0,1,192,1e-3,4,0.9728
vit@imagenet-split-1-105,8267,vit@imagenet-split-1,1,384,1e-3,8,0.9122666666666667
vit@Bingsu#Cat_and_Dog-106,8364,vit@Bingsu#Cat_and_Dog,1,576,1e-4,12,0.9975
vit@imagenet-split-1-107,8389,vit@imagenet-split-1,1,384,1e-3,8,0.9122666666666667
vit@fashion_mnist-108,8415,vit@fashion_mnist,8,576,1e-3,12,0.9329
vit@Bingsu#Cat_and_Dog-109,8718,vit@Bingsu#Cat_and_Dog,1,576,1e-4,12,0.9975
vit@cifar100-110,8748,vit@cifar100,2,576,1e-3,12,0.7871
vit@imagenet-split-2-111,8767,vit@imagenet-split-2,2,48,4e-4,1,0.8862
vit@cifar100-112,8768,vit@cifar100,1,576,1e-3,12,0.7871
vit@Bingsu#Cat_and_Dog-113,8785,vit@Bingsu#Cat_and_Dog,1,576,1e-4,12,0.9975
vit@Bingsu#Cat_and_Dog-114,8820,vit@Bingsu#Cat_and_Dog,2,576,1e-4,12,0.9975
vit@frgfm#imagenette-115,8821,vit@frgfm#imagenette,1,48,4e-4,1,0.9903184713375797
vit@Bingsu#Cat_and_Dog-116,8909,vit@Bingsu#Cat_and_Dog,1,576,1e-4,12,0.9975
vit@Bingsu#Cat_and_Dog-117,8910,vit@Bingsu#Cat_and_Dog,1,576,1e-4,12,0.9975
vit@frgfm#imagenette-118,9026,vit@frgfm#imagenette,1,48,4e-4,1,0.9903184713375797
vit@fashion_mnist-119,9062,vit@fashion_mnist,1,576,1e-3,12,0.9329
vit@frgfm#imagenette-120,9147,vit@frgfm#imagenette,1,48,4e-4,1,0.9903184713375797
vit@imagenet-split-1-121,9234,vit@imagenet-split-1,8,384,1e-3,8,0.9122666666666667
vit@food101-122,9491,vit@food101,2,48,4e-4,1,0.824990099009901
vit@Bingsu#Cat_and_Dog-123,9494,vit@Bingsu#Cat_and_Dog,1,576,1e-4,12,0.9975
vit@imagenet-split-0-124,9519,vit@imagenet-split-0,4,192,1e-3,4,0.9728
vit@frgfm#imagenette-125,9538,vit@frgfm#imagenette,1,48,4e-4,1,0.9903184713375797
vit@frgfm#imagenette-126,9538,vit@frgfm#imagenette,1,48,4e-4,1,0.9903184713375797
vit@frgfm#imagenette-127,9538,vit@frgfm#imagenette,1,48,4e-4,1,0.9903184713375797
vit@frgfm#imagenette-128,9538,vit@frgfm#imagenette,1,48,4e-4,1,0.9903184713375797
vit@frgfm#imagenette-129,9538,vit@frgfm#imagenette,1,48,4e-4,1,0.9903184713375797
vit@frgfm#imagenette-130,9538,vit@frgfm#imagenette,1,48,4e-4,1,0.9903184713375797
vit@frgfm#imagenette-131,9538,vit@frgfm#imagenette,1,48,4e-4,1,0.9903184713375797
vit@Bingsu#Cat_and_Dog-132,9538,vit@Bingsu#Cat_and_Dog,1,576,1e-4,12,0.9975
vit@Bingsu#Cat_and_Dog-133,9538,vit@Bingsu#Cat_and_Dog,1,576,1e-4,12,0.9975
vit@Bingsu#Cat_and_Dog-134,9538,vit@Bingsu#Cat_and_Dog,1,576,1e-4,12,0.9975
vit@frgfm#imagenette-135,9539,vit@frgfm#imagenette,1,48,4e-4,1,0.9903184713375797
vit@Bingsu#Cat_and_Dog-136,9539,vit@Bingsu#Cat_and_Dog,1,576,1e-4,12,0.9975
vit@frgfm#imagenette-137,9539,vit@frgfm#imagenette,1,48,4e-4,1,0.9903184713375797
vit@Bingsu#Cat_and_Dog-138,9539,vit@Bingsu#Cat_and_Dog,1,576,1e-4,12,0.9975
vit@Bingsu#Cat_and_Dog-139,9539,vit@Bingsu#Cat_and_Dog,1,576,1e-4,12,0.9975
vit@frgfm#imagenette-140,9539,vit@frgfm#imagenette,1,48,4e-4,1,0.9903184713375797
vit@Bingsu#Cat_and_Dog-141,9548,vit@Bingsu#Cat_and_Dog,1,576,1e-4,12,0.9975
vit@imagenet-split-0-142,9612,vit@imagenet-split-0,1,192,1e-3,4,0.9728
vit@Bingsu#Cat_and_Dog-143,9707,vit@Bingsu#Cat_and_Dog,1,576,1e-4,12,0.9975
vit@frgfm#imagenette-144,9804,vit@frgfm#imagenette,1,48,4e-4,1,0.9903184713375797
vit@Bingsu#Cat_and_Dog-145,9808,vit@Bingsu#Cat_and_Dog,1,576,1e-4,12,0.9975
vit@imagenet-split-0-146,9952,vit@imagenet-split-0,8,192,1e-3,4,0.9728
vit@frgfm#imagenette-147,10050,vit@frgfm#imagenette,1,48,4e-4,1,0.9903184713375797
vit@frgfm#imagenette-148,10052,vit@frgfm#imagenette,1,48,4e-4,1,0.9903184713375797
vit@Bingsu#Cat_and_Dog-149,10076,vit@Bingsu#Cat_and_Dog,1,576,1e-4,12,0.9975
vit@Bingsu#Cat_and_Dog-150,10221,vit@Bingsu#Cat_and_Dog,1,576,1e-4,12,0.9975
vit@Bingsu#Cat_and_Dog-151,10247,vit@Bingsu#Cat_and_Dog,1,576,1e-4,12,0.9975
vit@imagenet-split-1-152,10259,vit@imagenet-split-1,8,384,1e-3,8,0.9122666666666667
vit@mnist-153,10408,vit@mnist,12,48,4e-4,1,0.9905
vit@Bingsu#Cat_and_Dog-154,10414,vit@Bingsu#Cat_and_Dog,2,576,1e-4,12,0.9975
vit@frgfm#imagenette-155,10462,vit@frgfm#imagenette,1,48,4e-4,1,0.9903184713375797
vit@Bingsu#Cat_and_Dog-156,10587,vit@Bingsu#Cat_and_Dog,1,576,1e-4,12,0.9975
vit@Bingsu#Cat_and_Dog-157,10613,vit@Bingsu#Cat_and_Dog,1,576,1e-4,12,0.9975
vit@food101-158,10617,vit@food101,8,48,4e-4,1,0.824990099009901
vit@imagenet-split-2-159,10617,vit@imagenet-split-2,2,48,4e-4,1,0.8862
vit@food101-160,10618,vit@food101,2,48,4e-4,1,0.824990099009901
vit@food101-161,10618,vit@food101,2,48,4e-4,1,0.824990099009901
vit@imagenet-split-2-162,10618,vit@imagenet-split-2,8,48,4e-4,1,0.8862
vit@food101-163,10618,vit@food101,2,48,4e-4,1,0.824990099009901
vit@imagenet-split-2-164,10618,vit@imagenet-split-2,2,48,4e-4,1,0.8862
vit@imagenet-split-2-165,10619,vit@imagenet-split-2,2,48,4e-4,1,0.8862
vit@imagenet-split-0-166,10620,vit@imagenet-split-0,2,192,1e-3,4,0.9728
vit@imagenet-split-1-167,10620,vit@imagenet-split-1,2,384,1e-3,8,0.9122666666666667
vit@imagenet-split-0-168,10620,vit@imagenet-split-0,2,192,1e-3,4,0.9728
vit@Bingsu#Cat_and_Dog-169,10646,vit@Bingsu#Cat_and_Dog,1,576,1e-4,12,0.9975
vit@imagenet-split-1-170,10707,vit@imagenet-split-1,1,384,1e-3,8,0.9122666666666667
vit@frgfm#imagenette-171,10835,vit@frgfm#imagenette,2,48,4e-4,1,0.9903184713375797
vit@fashion_mnist-172,10851,vit@fashion_mnist,8,576,1e-3,12,0.9329
vit@frgfm#imagenette-173,10959,vit@frgfm#imagenette,1,48,4e-4,1,0.9903184713375797
vit@frgfm#imagenette-174,11014,vit@frgfm#imagenette,1,48,4e-4,1,0.9903184713375797
vit@frgfm#imagenette-175,11194,vit@frgfm#imagenette,2,48,4e-4,1,0.9903184713375797
vit@Bingsu#Cat_and_Dog-176,11294,vit@Bingsu#Cat_and_Dog,1,576,1e-4,12,0.9975
vit@frgfm#imagenette-177,11370,vit@frgfm#imagenette,2,48,4e-4,1,0.9903184713375797
vit@Bingsu#Cat_and_Dog-178,11370,vit@Bingsu#Cat_and_Dog,1,576,1e-4,12,0.9975
vit@frgfm#imagenette-179,11554,vit@frgfm#imagenette,2,48,4e-4,1,0.9903184713375797
vit@frgfm#imagenette-180,11696,vit@frgfm#imagenette,1,48,4e-4,1,0.9903184713375797
vit@frgfm#imagenette-181,11714,vit@frgfm#imagenette,1,48,4e-4,1,0.9903184713375797
vit@mnist-182,12013,vit@mnist,1,48,4e-4,1,0.9905
vit@frgfm#imagenette-183,12033,vit@frgfm#imagenette,1,48,4e-4,1,0.9903184713375797
vit@Bingsu#Cat_and_Dog-184,12036,vit@Bingsu#Cat_and_Dog,1,576,1e-4,12,0.9975
vit@frgfm#imagenette-185,12037,vit@frgfm#imagenette,1,48,4e-4,1,0.9903184713375797
vit@cifar100-186,12040,vit@cifar100,1,576,1e-3,12,0.7871
vit@imagenet-split-1-187,12063,vit@imagenet-split-1,8,384,1e-3,8,0.9122666666666667
vit@Bingsu#Cat_and_Dog-188,12079,vit@Bingsu#Cat_and_Dog,1,576,1e-4,12,0.9975
vit@imagenet-split-2-189,12082,vit@imagenet-split-2,8,48,4e-4,1,0.8862
vit@fashion_mnist-190,12126,vit@fashion_mnist,2,576,1e-3,12,0.9329
vit@imagenet-split-1-191,12244,vit@imagenet-split-1,1,384,1e-3,8,0.9122666666666667
vit@mnist-192,12350,vit@mnist,12,48,4e-4,1,0.9905
vit@Bingsu#Cat_and_Dog-193,12378,vit@Bingsu#Cat_and_Dog,1,576,1e-4,12,0.9975
vit@Bingsu#Cat_and_Dog-194,12438,vit@Bingsu#Cat_and_Dog,1,576,1e-4,12,0.9975
vit@Bingsu#Cat_and_Dog-195,12452,vit@Bingsu#Cat_and_Dog,2,576,1e-4,12,0.9975
vit@imagenet-split-1-196,12456,vit@imagenet-split-1,16,384,1e-3,8,0.9122666666666667
vit@frgfm#imagenette-197,12633,vit@frgfm#imagenette,2,48,4e-4,1,0.9903184713375797
vit@imagenet-split-1-198,12671,vit@imagenet-split-1,8,384,1e-3,8,0.9122666666666667
vit@imagenet-split-2-199,12781,vit@imagenet-split-2,4,48,4e-4,1,0.8862
vit@Bingsu#Cat_and_Dog-200,12840,vit@Bingsu#Cat_and_Dog,1,576,1e-4,12,0.9975
vit@imagenet-split-1-201,12970,vit@imagenet-split-1,8,384,1e-3,8,0.9122666666666667
vit@imagenet-split-0-202,12975,vit@imagenet-split-0,8,192,1e-3,4,0.9728
vit@frgfm#imagenette-203,13104,vit@frgfm#imagenette,1,48,4e-4,1,0.9903184713375797
vit@Bingsu#Cat_and_Dog-204,13108,vit@Bingsu#Cat_and_Dog,1,576,1e-4,12,0.9975
vit@frgfm#imagenette-205,13151,vit@frgfm#imagenette,1,48,4e-4,1,0.9903184713375797
vit@imagenet-split-1-206,13196,vit@imagenet-split-1,1,384,1e-3,8,0.9122666666666667
vit@Bingsu#Cat_and_Dog-207,13205,vit@Bingsu#Cat_and_Dog,1,576,1e-4,12,0.9975
vit@frgfm#imagenette-208,13359,vit@frgfm#imagenette,1,48,4e-4,1,0.9903184713375797
vit@imagenet-split-0-209,13413,vit@imagenet-split-0,4,192,1e-3,4,0.9728
vit@food101-210,13454,vit@food101,2,48,4e-4,1,0.824990099009901
vit@food101-211,13456,vit@food101,2,48,4e-4,1,0.824990099009901
vit@frgfm#imagenette-212,13468,vit@frgfm#imagenette,1,48,4e-4,1,0.9903184713375797
vit@fashion_mnist-213,13470,vit@fashion_mnist,4,576,1e-3,12,0.9329
vit@frgfm#imagenette-214,13481,vit@frgfm#imagenette,1,48,4e-4,1,0.9903184713375797
vit@imagenet-split-2-215,13613,vit@imagenet-split-2,2,48,4e-4,1,0.8862
vit@Bingsu#Cat_and_Dog-216,13911,vit@Bingsu#Cat_and_Dog,1,576,1e-4,12,0.9975
vit@food101-217,14031,vit@food101,8,48,4e-4,1,0.824990099009901
vit@imagenet-split-0-218,14059,vit@imagenet-split-0,1,192,1e-3,4,0.9728
vit@Bingsu#Cat_and_Dog-219,14066,vit@Bingsu#Cat_and_Dog,1,576,1e-4,12,0.9975
vit@food101-220,14109,vit@food101,2,48,4e-4,1,0.824990099009901
vit@frgfm#imagenette-221,14233,vit@frgfm#imagenette,1,48,4e-4,1,0.9903184713375797
vit@cifar100-222,14275,vit@cifar100,1,576,1e-3,12,0.7871
vit@frgfm#imagenette-223,14353,vit@frgfm#imagenette,1,48,4e-4,1,0.9903184713375797
vit@mnist-224,14404,vit@mnist,8,48,4e-4,1,0.9905
vit@fashion_mnist-225,14487,vit@fashion_mnist,1,576,1e-3,12,0.9329
vit@frgfm#imagenette-226,14563,vit@frgfm#imagenette,1,48,4e-4,1,0.9903184713375797
vit@fashion_mnist-227,14577,vit@fashion_mnist,8,576,1e-3,12,0.9329
vit@Bingsu#Cat_and_Dog-228,14777,vit@Bingsu#Cat_and_Dog,1,576,1e-4,12,0.9975
vit@Bingsu#Cat_and_Dog-229,14950,vit@Bingsu#Cat_and_Dog,1,576,1e-4,12,0.9975
vit@imagenet-split-1-230,14986,vit@imagenet-split-1,8,384,1e-3,8,0.9122666666666667
vit@frgfm#imagenette-231,15049,vit@frgfm#imagenette,1,48,4e-4,1,0.9903184713375797
vit@cifar100-232,15067,vit@cifar100,8,576,1e-3,12,0.7871
vit@fashion_mnist-233,15070,vit@fashion_mnist,1,576,1e-3,12,0.9329
vit@imagenet-split-1-234,15073,vit@imagenet-split-1,1,384,1e-3,8,0.9122666666666667
vit@fashion_mnist-235,15078,vit@fashion_mnist,1,576,1e-3,12,0.9329
vit@mnist-236,15150,vit@mnist,1,48,4e-4,1,0.9905
vit@Bingsu#Cat_and_Dog-237,15152,vit@Bingsu#Cat_and_Dog,1,576,1e-4,12,0.9975
vit@imagenet-split-0-238,15165,vit@imagenet-split-0,8,192,1e-3,4,0.9728
vit@imagenet-split-2-239,15304,vit@imagenet-split-2,2,48,4e-4,1,0.8862
vit@Bingsu#Cat_and_Dog-240,15322,vit@Bingsu#Cat_and_Dog,1,576,1e-4,12,0.9975
vit@imagenet-split-1-241,15342,vit@imagenet-split-1,1,384,1e-3,8,0.9122666666666667
vit@fashion_mnist-242,15496,vit@fashion_mnist,8,576,1e-3,12,0.9329
vit@fashion_mnist-243,15498,vit@fashion_mnist,8,576,1e-3,12,0.9329
vit@frgfm#imagenette-244,15583,vit@frgfm#imagenette,1,48,4e-4,1,0.9903184713375797
vit@Bingsu#Cat_and_Dog-245,16030,vit@Bingsu#Cat_and_Dog,1,576,1e-4,12,0.9975
vit@Bingsu#Cat_and_Dog-246,16033,vit@Bingsu#Cat_and_Dog,1,576,1e-4,12,0.9975
vit@cifar100-247,16037,vit@cifar100,1,576,1e-3,12,0.7871
vit@cifar100-248,16132,vit@cifar100,8,576,1e-3,12,0.7871
vit@Bingsu#Cat_and_Dog-249,16323,vit@Bingsu#Cat_and_Dog,1,576,1e-4,12,0.9975
vit@frgfm#imagenette-250,16398,vit@frgfm#imagenette,1,48,4e-4,1,0.9903184713375797
vit@Bingsu#Cat_and_Dog-251,16756,vit@Bingsu#Cat_and_Dog,1,576,1e-4,12,0.9975
vit@frgfm#imagenette-252,16772,vit@frgfm#imagenette,1,48,4e-4,1,0.9903184713375797
vit@frgfm#imagenette-253,16773,vit@frgfm#imagenette,1,48,4e-4,1,0.9903184713375797
vit@fashion_mnist-254,16973,vit@fashion_mnist,16,576,1e-3,12,0.9329
vit@fashion_mnist-255,17039,vit@fashion_mnist,8,576,1e-3,12,0.9329
vit@frgfm#imagenette-256,17119,vit@frgfm#imagenette,1,48,4e-4,1,0.9903184713375797
vit@frgfm#imagenette-257,17132,vit@frgfm#imagenette,1,48,4e-4,1,0.9903184713375797
vit@frgfm#imagenette-258,17154,vit@frgfm#imagenette,1,48,4e-4,1,0.9903184713375797
vit@cifar100-259,17159,vit@cifar100,2,576,1e-3,12,0.7871
vit@food101-260,17263,vit@food101,8,48,4e-4,1,0.824990099009901
vit@food101-261,17307,vit@food101,2,48,4e-4,1,0.824990099009901
vit@imagenet-split-1-262,17359,vit@imagenet-split-1,16,384,1e-3,8,0.9122666666666667
vit@frgfm#imagenette-263,17390,vit@frgfm#imagenette,1,48,4e-4,1,0.9903184713375797
vit@frgfm#imagenette-264,17581,vit@frgfm#imagenette,1,48,4e-4,1,0.9903184713375797
vit@Bingsu#Cat_and_Dog-265,17864,vit@Bingsu#Cat_and_Dog,1,576,1e-4,12,0.9975
vit@Bingsu#Cat_and_Dog-266,18033,vit@Bingsu#Cat_and_Dog,1,576,1e-4,12,0.9975
vit@food101-267,18125,vit@food101,2,48,4e-4,1,0.824990099009901
vit@Bingsu#Cat_and_Dog-268,18187,vit@Bingsu#Cat_and_Dog,1,576,1e-4,12,0.9975
vit@food101-269,18254,vit@food101,2,48,4e-4,1,0.824990099009901
vit@Bingsu#Cat_and_Dog-270,18401,vit@Bingsu#Cat_and_Dog,1,576,1e-4,12,0.9975
vit@Bingsu#Cat_and_Dog-271,18413,vit@Bingsu#Cat_and_Dog,1,576,1e-4,12,0.9975
vit@Bingsu#Cat_and_Dog-272,18414,vit@Bingsu#Cat_and_Dog,1,576,1e-4,12,0.9975
vit@food101-273,18514,vit@food101,2,48,4e-4,1,0.824990099009901
vit@frgfm#imagenette-274,18548,vit@frgfm#imagenette,1,48,4e-4,1,0.9903184713375797
vit@mnist-275,18596,vit@mnist,8,48,4e-4,1,0.9905
vit@imagenet-split-2-276,18613,vit@imagenet-split-2,8,48,4e-4,1,0.8862
vit@food101-277,18613,vit@food101,8,48,4e-4,1,0.824990099009901
vit@Bingsu#Cat_and_Dog-278,18810,vit@Bingsu#Cat_and_Dog,1,576,1e-4,12,0.9975
vit@Bingsu#Cat_and_Dog-279,18835,vit@Bingsu#Cat_and_Dog,1,576,1e-4,12,0.9975
vit@cifar100-280,19136,vit@cifar100,8,576,1e-3,12,0.7871
vit@cifar100-281,19136,vit@cifar100,8,576,1e-3,12,0.7871
vit@cifar100-282,19136,vit@cifar100,8,576,1e-3,12,0.7871
vit@imagenet-split-1-283,19136,vit@imagenet-split-1,8,384,1e-3,8,0.9122666666666667
vit@food101-284,19136,vit@food101,2,48,4e-4,1,0.824990099009901
vit@food101-285,19137,vit@food101,2,48,4e-4,1,0.824990099009901
vit@cifar100-286,19137,vit@cifar100,8,576,1e-3,12,0.7871
vit@imagenet-split-2-287,19137,vit@imagenet-split-2,2,48,4e-4,1,0.8862
vit@Bingsu#Cat_and_Dog-288,19211,vit@Bingsu#Cat_and_Dog,1,576,1e-4,12,0.9975
vit@fashion_mnist-289,19247,vit@fashion_mnist,8,576,1e-3,12,0.9329
vit@imagenet-split-1-290,19247,vit@imagenet-split-1,8,384,1e-3,8,0.9122666666666667
vit@mnist-291,19247,vit@mnist,8,48,4e-4,1,0.9905
vit@imagenet-split-1-292,19247,vit@imagenet-split-1,8,384,1e-3,8,0.9122666666666667
vit@cifar100-293,19247,vit@cifar100,8,576,1e-3,12,0.7871
vit@imagenet-split-0-294,19247,vit@imagenet-split-0,8,192,1e-3,4,0.9728
vit@imagenet-split-0-295,19247,vit@imagenet-split-0,8,192,1e-3,4,0.9728
vit@mnist-296,19247,vit@mnist,8,48,4e-4,1,0.9905
vit@mnist-297,19247,vit@mnist,8,48,4e-4,1,0.9905
vit@imagenet-split-1-298,19247,vit@imagenet-split-1,8,384,1e-3,8,0.9122666666666667
vit@fashion_mnist-299,19247,vit@fashion_mnist,8,576,1e-3,12,0.9329
vit@fashion_mnist-300,19248,vit@fashion_mnist,8,576,1e-3,12,0.9329
vit@frgfm#imagenette-301,19311,vit@frgfm#imagenette,1,48,4e-4,1,0.9903184713375797
vit@frgfm#imagenette-302,19526,vit@frgfm#imagenette,1,48,4e-4,1,0.9903184713375797
vit@fashion_mnist-303,19734,vit@fashion_mnist,1,576,1e-3,12,0.9329
vit@frgfm#imagenette-304,19766,vit@frgfm#imagenette,1,48,4e-4,1,0.9903184713375797
vit@Bingsu#Cat_and_Dog-305,19867,vit@Bingsu#Cat_and_Dog,1,576,1e-4,12,0.9975
vit@food101-306,20006,vit@food101,8,48,4e-4,1,0.824990099009901
vit@Bingsu#Cat_and_Dog-307,20013,vit@Bingsu#Cat_and_Dog,1,576,1e-4,12,0.9975
vit@frgfm#imagenette-308,20036,vit@frgfm#imagenette,1,48,4e-4,1,0.9903184713375797
vit@frgfm#imagenette-309,20047,vit@frgfm#imagenette,1,48,4e-4,1,0.9903184713375797
vit@cifar100-310,20140,vit@cifar100,1,576,1e-3,12,0.7871
vit@Bingsu#Cat_and_Dog-311,20354,vit@Bingsu#Cat_and_Dog,1,576,1e-4,12,0.9975
vit@Bingsu#Cat_and_Dog-312,20361,vit@Bingsu#Cat_and_Dog,1,576,1e-4,12,0.9975
vit@imagenet-split-1-313,20386,vit@imagenet-split-1,1,384,1e-3,8,0.9122666666666667
vit@frgfm#imagenette-314,20407,vit@frgfm#imagenette,1,48,4e-4,1,0.9903184713375797
vit@imagenet-split-0-315,20433,vit@imagenet-split-0,1,192,1e-3,4,0.9728
vit@frgfm#imagenette-316,20460,vit@frgfm#imagenette,1,48,4e-4,1,0.9903184713375797
vit@frgfm#imagenette-317,20473,vit@frgfm#imagenette,1,48,4e-4,1,0.9903184713375797
vit@mnist-318,20729,vit@mnist,8,48,4e-4,1,0.9905
vit@food101-319,20745,vit@food101,2,48,4e-4,1,0.824990099009901
vit@Bingsu#Cat_and_Dog-320,21050,vit@Bingsu#Cat_and_Dog,1,576,1e-4,12,0.9975
vit@fashion_mnist-321,21147,vit@fashion_mnist,8,576,1e-3,12,0.9329
vit@imagenet-split-1-322,21147,vit@imagenet-split-1,8,384,1e-3,8,0.9122666666666667
vit@imagenet-split-2-323,21191,vit@imagenet-split-2,8,48,4e-4,1,0.8862
vit@Bingsu#Cat_and_Dog-324,21258,vit@Bingsu#Cat_and_Dog,1,576,1e-4,12,0.9975
vit@imagenet-split-0-325,21333,vit@imagenet-split-0,1,192,1e-3,4,0.9728
vit@Bingsu#Cat_and_Dog-326,21393,vit@Bingsu#Cat_and_Dog,1,576,1e-4,12,0.9975
vit@mnist-327,21547,vit@mnist,8,48,4e-4,1,0.9905
vit@fashion_mnist-328,21547,vit@fashion_mnist,8,576,1e-3,12,0.9329
vit@imagenet-split-1-329,21547,vit@imagenet-split-1,8,384,1e-3,8,0.9122666666666667
vit@mnist-330,21547,vit@mnist,8,48,4e-4,1,0.9905
vit@fashion_mnist-331,21547,vit@fashion_mnist,8,576,1e-3,12,0.9329
vit@imagenet-split-1-332,21547,vit@imagenet-split-1,8,384,1e-3,8,0.9122666666666667
vit@cifar100-333,21547,vit@cifar100,8,576,1e-3,12,0.7871
vit@fashion_mnist-334,21547,vit@fashion_mnist,8,576,1e-3,12,0.9329
vit@imagenet-split-1-335,21547,vit@imagenet-split-1,8,384,1e-3,8,0.9122666666666667
vit@mnist-336,21547,vit@mnist,8,48,4e-4,1,0.9905
vit@imagenet-split-0-337,21547,vit@imagenet-split-0,8,192,1e-3,4,0.9728
vit@fashion_mnist-338,21547,vit@fashion_mnist,8,576,1e-3,12,0.9329
vit@imagenet-split-0-339,21547,vit@imagenet-split-0,8,192,1e-3,4,0.9728
vit@cifar100-340,21547,vit@cifar100,8,576,1e-3,12,0.7871
vit@mnist-341,21547,vit@mnist,8,48,4e-4,1,0.9905
vit@fashion_mnist-342,21547,vit@fashion_mnist,8,576,1e-3,12,0.9329
vit@fashion_mnist-343,21547,vit@fashion_mnist,8,576,1e-3,12,0.9329
vit@imagenet-split-0-344,21547,vit@imagenet-split-0,8,192,1e-3,4,0.9728
vit@imagenet-split-0-345,21547,vit@imagenet-split-0,8,192,1e-3,4,0.9728
vit@imagenet-split-1-346,21547,vit@imagenet-split-1,8,384,1e-3,8,0.9122666666666667
vit@imagenet-split-0-347,21547,vit@imagenet-split-0,8,192,1e-3,4,0.9728
vit@imagenet-split-0-348,21547,vit@imagenet-split-0,8,192,1e-3,4,0.9728
vit@mnist-349,21547,vit@mnist,8,48,4e-4,1,0.9905
vit@fashion_mnist-350,21547,vit@fashion_mnist,8,576,1e-3,12,0.9329
vit@mnist-351,21547,vit@mnist,8,48,4e-4,1,0.9905
vit@cifar100-352,21547,vit@cifar100,8,576,1e-3,12,0.7871
vit@cifar100-353,21548,vit@cifar100,8,576,1e-3,12,0.7871
vit@cifar100-354,21548,vit@cifar100,8,576,1e-3,12,0.7871
vit@imagenet-split-0-355,21548,vit@imagenet-split-0,8,192,1e-3,4,0.9728
vit@fashion_mnist-356,21548,vit@fashion_mnist,8,576,1e-3,12,0.9329
vit@imagenet-split-0-357,21548,vit@imagenet-split-0,8,192,1e-3,4,0.9728
vit@imagenet-split-1-358,21548,vit@imagenet-split-1,8,384,1e-3,8,0.9122666666666667
vit@cifar100-359,21548,vit@cifar100,8,576,1e-3,12,0.7871
vit@imagenet-split-0-360,21548,vit@imagenet-split-0,8,192,1e-3,4,0.9728
vit@mnist-361,21548,vit@mnist,8,48,4e-4,1,0.9905
vit@fashion_mnist-362,21548,vit@fashion_mnist,8,576,1e-3,12,0.9329
vit@fashion_mnist-363,21548,vit@fashion_mnist,8,576,1e-3,12,0.9329
vit@imagenet-split-1-364,21548,vit@imagenet-split-1,8,384,1e-3,8,0.9122666666666667
vit@mnist-365,21548,vit@mnist,8,48,4e-4,1,0.9905
vit@mnist-366,21548,vit@mnist,8,48,4e-4,1,0.9905
vit@imagenet-split-2-367,21592,vit@imagenet-split-2,12,48,4e-4,1,0.8862
vit@Bingsu#Cat_and_Dog-368,21677,vit@Bingsu#Cat_and_Dog,1,576,1e-4,12,0.9975
vit@Bingsu#Cat_and_Dog-369,21807,vit@Bingsu#Cat_and_Dog,1,576,1e-4,12,0.9975
vit@Bingsu#Cat_and_Dog-370,21891,vit@Bingsu#Cat_and_Dog,1,576,1e-4,12,0.9975
vit@frgfm#imagenette-371,22099,vit@frgfm#imagenette,1,48,4e-4,1,0.9903184713375797
vit@food101-372,22174,vit@food101,2,48,4e-4,1,0.824990099009901
vit@food101-373,22179,vit@food101,8,48,4e-4,1,0.824990099009901
vit@frgfm#imagenette-374,22210,vit@frgfm#imagenette,1,48,4e-4,1,0.9903184713375797
vit@mnist-375,22255,vit@mnist,8,48,4e-4,1,0.9905
vit@cifar100-376,22260,vit@cifar100,8,576,1e-3,12,0.7871
vit@frgfm#imagenette-377,22395,vit@frgfm#imagenette,1,48,4e-4,1,0.9903184713375797
vit@Bingsu#Cat_and_Dog-378,22488,vit@Bingsu#Cat_and_Dog,1,576,1e-4,12,0.9975
vit@imagenet-split-1-379,22634,vit@imagenet-split-1,16,384,1e-3,8,0.9122666666666667
vit@mnist-380,22654,vit@mnist,8,48,4e-4,1,0.9905
vit@imagenet-split-1-381,22654,vit@imagenet-split-1,8,384,1e-3,8,0.9122666666666667
vit@cifar100-382,22654,vit@cifar100,8,576,1e-3,12,0.7871
vit@imagenet-split-0-383,22654,vit@imagenet-split-0,8,192,1e-3,4,0.9728
vit@fashion_mnist-384,22654,vit@fashion_mnist,8,576,1e-3,12,0.9329
vit@mnist-385,22654,vit@mnist,8,48,4e-4,1,0.9905
vit@imagenet-split-1-386,22654,vit@imagenet-split-1,8,384,1e-3,8,0.9122666666666667
vit@fashion_mnist-387,22654,vit@fashion_mnist,8,576,1e-3,12,0.9329
vit@fashion_mnist-388,22654,vit@fashion_mnist,8,576,1e-3,12,0.9329
vit@imagenet-split-1-389,22654,vit@imagenet-split-1,8,384,1e-3,8,0.9122666666666667
vit@imagenet-split-1-390,22654,vit@imagenet-split-1,8,384,1e-3,8,0.9122666666666667
vit@cifar100-391,22654,vit@cifar100,8,576,1e-3,12,0.7871
vit@mnist-392,22654,vit@mnist,8,48,4e-4,1,0.9905
vit@imagenet-split-0-393,22654,vit@imagenet-split-0,8,192,1e-3,4,0.9728
vit@fashion_mnist-394,22654,vit@fashion_mnist,8,576,1e-3,12,0.9329
vit@fashion_mnist-395,22654,vit@fashion_mnist,8,576,1e-3,12,0.9329
vit@imagenet-split-1-396,22654,vit@imagenet-split-1,8,384,1e-3,8,0.9122666666666667
vit@mnist-397,22654,vit@mnist,8,48,4e-4,1,0.9905
vit@imagenet-split-0-398,22654,vit@imagenet-split-0,8,192,1e-3,4,0.9728
vit@imagenet-split-0-399,22654,vit@imagenet-split-0,8,192,1e-3,4,0.9728
vit@imagenet-split-0-400,22654,vit@imagenet-split-0,8,192,1e-3,4,0.9728
vit@fashion_mnist-401,22654,vit@fashion_mnist,8,576,1e-3,12,0.9329
vit@imagenet-split-0-402,22654,vit@imagenet-split-0,8,192,1e-3,4,0.9728
vit@fashion_mnist-403,22654,vit@fashion_mnist,8,576,1e-3,12,0.9329
vit@fashion_mnist-404,22654,vit@fashion_mnist,8,576,1e-3,12,0.9329
vit@mnist-405,22654,vit@mnist,8,48,4e-4,1,0.9905
vit@cifar100-406,22655,vit@cifar100,8,576,1e-3,12,0.7871
vit@imagenet-split-1-407,22655,vit@imagenet-split-1,8,384,1e-3,8,0.9122666666666667
vit@cifar100-408,22655,vit@cifar100,8,576,1e-3,12,0.7871
vit@imagenet-split-1-409,22655,vit@imagenet-split-1,8,384,1e-3,8,0.9122666666666667
vit@mnist-410,22655,vit@mnist,8,48,4e-4,1,0.9905
vit@imagenet-split-0-411,22655,vit@imagenet-split-0,8,192,1e-3,4,0.9728
vit@fashion_mnist-412,22655,vit@fashion_mnist,8,576,1e-3,12,0.9329
vit@mnist-413,22655,vit@mnist,8,48,4e-4,1,0.9905
vit@mnist-414,22655,vit@mnist,8,48,4e-4,1,0.9905
vit@cifar100-415,22655,vit@cifar100,8,576,1e-3,12,0.7871
vit@imagenet-split-1-416,22655,vit@imagenet-split-1,8,384,1e-3,8,0.9122666666666667
vit@fashion_mnist-417,22655,vit@fashion_mnist,8,576,1e-3,12,0.9329
vit@cifar100-418,22655,vit@cifar100,8,576,1e-3,12,0.7871
vit@imagenet-split-1-419,22655,vit@imagenet-split-1,8,384,1e-3,8,0.9122666666666667
vit@imagenet-split-1-420,22655,vit@imagenet-split-1,8,384,1e-3,8,0.9122666666666667
vit@cifar100-421,22655,vit@cifar100,8,576,1e-3,12,0.7871
vit@imagenet-split-0-422,22655,vit@imagenet-split-0,8,192,1e-3,4,0.9728
vit@cifar100-423,22655,vit@cifar100,8,576,1e-3,12,0.7871
vit@cifar100-424,22655,vit@cifar100,8,576,1e-3,12,0.7871
vit@imagenet-split-1-425,22655,vit@imagenet-split-1,8,384,1e-3,8,0.9122666666666667
vit@cifar100-426,22655,vit@cifar100,8,576,1e-3,12,0.7871
vit@fashion_mnist-427,22655,vit@fashion_mnist,8,576,1e-3,12,0.9329
vit@cifar100-428,22655,vit@cifar100,8,576,1e-3,12,0.7871
vit@cifar100-429,22655,vit@cifar100,8,576,1e-3,12,0.7871
vit@mnist-430,22655,vit@mnist,8,48,4e-4,1,0.9905
vit@fashion_mnist-431,22655,vit@fashion_mnist,8,576,1e-3,12,0.9329
vit@mnist-432,22655,vit@mnist,8,48,4e-4,1,0.9905
vit@imagenet-split-0-433,22655,vit@imagenet-split-0,8,192,1e-3,4,0.9728
vit@imagenet-split-0-434,22655,vit@imagenet-split-0,8,192,1e-3,4,0.9728
vit@mnist-435,22655,vit@mnist,8,48,4e-4,1,0.9905
vit@fashion_mnist-436,22655,vit@fashion_mnist,8,576,1e-3,12,0.9329
vit@cifar100-437,22655,vit@cifar100,8,576,1e-3,12,0.7871
vit@cifar100-438,22655,vit@cifar100,8,576,1e-3,12,0.7871
vit@fashion_mnist-439,22655,vit@fashion_mnist,8,576,1e-3,12,0.9329
vit@imagenet-split-0-440,22655,vit@imagenet-split-0,8,192,1e-3,4,0.9728
vit@fashion_mnist-441,22655,vit@fashion_mnist,8,576,1e-3,12,0.9329
vit@imagenet-split-0-442,22655,vit@imagenet-split-0,8,192,1e-3,4,0.9728
vit@fashion_mnist-443,22655,vit@fashion_mnist,8,576,1e-3,12,0.9329
vit@mnist-444,22655,vit@mnist,8,48,4e-4,1,0.9905
vit@imagenet-split-0-445,22655,vit@imagenet-split-0,8,192,1e-3,4,0.9728
vit@fashion_mnist-446,22655,vit@fashion_mnist,8,576,1e-3,12,0.9329
vit@imagenet-split-0-447,22655,vit@imagenet-split-0,8,192,1e-3,4,0.9728
vit@imagenet-split-1-448,22655,vit@imagenet-split-1,8,384,1e-3,8,0.9122666666666667
vit@mnist-449,22655,vit@mnist,8,48,4e-4,1,0.9905
vit@imagenet-split-1-450,22655,vit@imagenet-split-1,8,384,1e-3,8,0.9122666666666667
vit@imagenet-split-0-451,22656,vit@imagenet-split-0,8,192,1e-3,4,0.9728
vit@fashion_mnist-452,22656,vit@fashion_mnist,8,576,1e-3,12,0.9329
vit@fashion_mnist-453,22676,vit@fashion_mnist,1,576,1e-3,12,0.9329
vit@fashion_mnist-454,22823,vit@fashion_mnist,8,576,1e-3,12,0.9329
vit@fashion_mnist-455,22851,vit@fashion_mnist,8,576,1e-3,12,0.9329
vit@imagenet-split-1-456,22854,vit@imagenet-split-1,8,384,1e-3,8,0.9122666666666667
vit@Bingsu#Cat_and_Dog-457,22896,vit@Bingsu#Cat_and_Dog,1,576,1e-4,12,0.9975
vit@frgfm#imagenette-458,22913,vit@frgfm#imagenette,1,48,4e-4,1,0.9903184713375797
vit@mnist-459,23018,vit@mnist,8,48,4e-4,1,0.9905
vit@imagenet-split-1-460,23166,vit@imagenet-split-1,8,384,1e-3,8,0.9122666666666667
vit@mnist-461,23166,vit@mnist,8,48,4e-4,1,0.9905
vit@cifar100-462,23166,vit@cifar100,8,576,1e-3,12,0.7871
vit@frgfm#imagenette-463,23231,vit@frgfm#imagenette,1,48,4e-4,1,0.9903184713375797
vit@Bingsu#Cat_and_Dog-464,23258,vit@Bingsu#Cat_and_Dog,1,576,1e-4,12,0.9975
vit@fashion_mnist-465,23298,vit@fashion_mnist,8,576,1e-3,12,0.9329
vit@mnist-466,23298,vit@mnist,8,48,4e-4,1,0.9905
vit@imagenet-split-0-467,23298,vit@imagenet-split-0,8,192,1e-3,4,0.9728
vit@cifar100-468,23298,vit@cifar100,8,576,1e-3,12,0.7871
vit@imagenet-split-2-469,23464,vit@imagenet-split-2,8,48,4e-4,1,0.8862
vit@Bingsu#Cat_and_Dog-470,23564,vit@Bingsu#Cat_and_Dog,1,576,1e-4,12,0.9975
vit@Bingsu#Cat_and_Dog-471,23570,vit@Bingsu#Cat_and_Dog,1,576,1e-4,12,0.9975
vit@Bingsu#Cat_and_Dog-472,23635,vit@Bingsu#Cat_and_Dog,1,576,1e-4,12,0.9975
vit@frgfm#imagenette-473,23713,vit@frgfm#imagenette,1,48,4e-4,1,0.9903184713375797
vit@Bingsu#Cat_and_Dog-474,23721,vit@Bingsu#Cat_and_Dog,1,576,1e-4,12,0.9975
vit@imagenet-split-2-475,23797,vit@imagenet-split-2,2,48,4e-4,1,0.8862
vit@imagenet-split-1-476,23833,vit@imagenet-split-1,8,384,1e-3,8,0.9122666666666667
vit@Bingsu#Cat_and_Dog-477,23911,vit@Bingsu#Cat_and_Dog,1,576,1e-4,12,0.9975
vit@imagenet-split-0-478,24003,vit@imagenet-split-0,1,192,1e-3,4,0.9728
vit@food101-479,24003,vit@food101,8,48,4e-4,1,0.824990099009901
vit@Bingsu#Cat_and_Dog-480,24040,vit@Bingsu#Cat_and_Dog,1,576,1e-4,12,0.9975
vit@frgfm#imagenette-481,24298,vit@frgfm#imagenette,1,48,4e-4,1,0.9903184713375797
vit@fashion_mnist-482,24306,vit@fashion_mnist,8,576,1e-3,12,0.9329
vit@Bingsu#Cat_and_Dog-483,24455,vit@Bingsu#Cat_and_Dog,1,576,1e-4,12,0.9975
vit@imagenet-split-1-484,24583,vit@imagenet-split-1,1,384,1e-3,8,0.9122666666666667
vit@cifar100-485,24591,vit@cifar100,1,576,1e-3,12,0.7871
vit@mnist-486,24611,vit@mnist,1,48,4e-4,1,0.9905
vit@Bingsu#Cat_and_Dog-487,24644,vit@Bingsu#Cat_and_Dog,1,576,1e-4,12,0.9975
vit@imagenet-split-1-488,24709,vit@imagenet-split-1,8,384,1e-3,8,0.9122666666666667
vit@imagenet-split-0-489,24709,vit@imagenet-split-0,8,192,1e-3,4,0.9728
vit@imagenet-split-1-490,24715,vit@imagenet-split-1,1,384,1e-3,8,0.9122666666666667
vit@mnist-491,24768,vit@mnist,8,48,4e-4,1,0.9905
vit@imagenet-split-0-492,24768,vit@imagenet-split-0,8,192,1e-3,4,0.9728
vit@frgfm#imagenette-493,24844,vit@frgfm#imagenette,1,48,4e-4,1,0.9903184713375797
vit@frgfm#imagenette-494,24896,vit@frgfm#imagenette,1,48,4e-4,1,0.9903184713375797
vit@imagenet-split-0-495,24959,vit@imagenet-split-0,1,192,1e-3,4,0.9728
vit@cifar100-496,25005,vit@cifar100,8,576,1e-3,12,0.7871
vit@frgfm#imagenette-497,25026,vit@frgfm#imagenette,1,48,4e-4,1,0.9903184713375797
vit@imagenet-split-2-498,25077,vit@imagenet-split-2,2,48,4e-4,1,0.8862
vit@frgfm#imagenette-499,25165,vit@frgfm#imagenette,1,48,4e-4,1,0.9903184713375797
vit@frgfm#imagenette-500,25235,vit@frgfm#imagenette,1,48,4e-4,1,0.9903184713375797
vit@mnist-501,25286,vit@mnist,4,48,4e-4,1,0.9905
vit@cifar100-502,25291,vit@cifar100,8,576,1e-3,12,0.7871
vit@fashion_mnist-503,25291,vit@fashion_mnist,8,576,1e-3,12,0.9329
vit@fashion_mnist-504,25326,vit@fashion_mnist,8,576,1e-3,12,0.9329
vit@imagenet-split-1-505,25326,vit@imagenet-split-1,8,384,1e-3,8,0.9122666666666667
vit@imagenet-split-0-506,25327,vit@imagenet-split-0,8,192,1e-3,4,0.9728
vit@frgfm#imagenette-507,25383,vit@frgfm#imagenette,1,48,4e-4,1,0.9903184713375797
vit@imagenet-split-1-508,25442,vit@imagenet-split-1,8,384,1e-3,8,0.9122666666666667
vit@mnist-509,25460,vit@mnist,8,48,4e-4,1,0.9905
vit@cifar100-510,25460,vit@cifar100,8,576,1e-3,12,0.7871
vit@fashion_mnist-511,25475,vit@fashion_mnist,8,576,1e-3,12,0.9329
vit@cifar100-512,25475,vit@cifar100,8,576,1e-3,12,0.7871
vit@imagenet-split-1-513,25475,vit@imagenet-split-1,8,384,1e-3,8,0.9122666666666667
vit@imagenet-split-0-514,25501,vit@imagenet-split-0,1,192,1e-3,4,0.9728
vit@cifar100-515,25562,vit@cifar100,4,576,1e-3,12,0.7871
vit@food101-516,25602,vit@food101,2,48,4e-4,1,0.824990099009901
vit@frgfm#imagenette-517,25611,vit@frgfm#imagenette,1,48,4e-4,1,0.9903184713375797
vit@food101-518,25629,vit@food101,2,48,4e-4,1,0.824990099009901
vit@imagenet-split-0-519,25688,vit@imagenet-split-0,1,192,1e-3,4,0.9728
vit@frgfm#imagenette-520,25737,vit@frgfm#imagenette,1,48,4e-4,1,0.9903184713375797
vit@imagenet-split-0-521,25748,vit@imagenet-split-0,16,192,1e-3,4,0.9728
vit@cifar100-522,25892,vit@cifar100,1,576,1e-3,12,0.7871
vit@cifar100-523,25902,vit@cifar100,8,576,1e-3,12,0.7871
vit@frgfm#imagenette-524,25946,vit@frgfm#imagenette,1,48,4e-4,1,0.9903184713375797
vit@Bingsu#Cat_and_Dog-525,26066,vit@Bingsu#Cat_and_Dog,1,576,1e-4,12,0.9975
vit@fashion_mnist-526,26066,vit@fashion_mnist,1,576,1e-3,12,0.9329
vit@Bingsu#Cat_and_Dog-527,26099,vit@Bingsu#Cat_and_Dog,1,576,1e-4,12,0.9975
vit@Bingsu#Cat_and_Dog-528,26106,vit@Bingsu#Cat_and_Dog,1,576,1e-4,12,0.9975
vit@Bingsu#Cat_and_Dog-529,26112,vit@Bingsu#Cat_and_Dog,1,576,1e-4,12,0.9975
vit@cifar100-530,26144,vit@cifar100,1,576,1e-3,12,0.7871
vit@mnist-531,26180,vit@mnist,1,48,4e-4,1,0.9905
vit@frgfm#imagenette-532,26344,vit@frgfm#imagenette,1,48,4e-4,1,0.9903184713375797
vit@imagenet-split-1-533,26474,vit@imagenet-split-1,4,384,1e-3,8,0.9122666666666667
vit@imagenet-split-0-534,26474,vit@imagenet-split-0,4,192,1e-3,4,0.9728
vit@fashion_mnist-535,26475,vit@fashion_mnist,4,576,1e-3,12,0.9329
vit@imagenet-split-1-536,26475,vit@imagenet-split-1,4,384,1e-3,8,0.9122666666666667
vit@imagenet-split-1-537,26475,vit@imagenet-split-1,4,384,1e-3,8,0.9122666666666667
vit@Bingsu#Cat_and_Dog-538,26481,vit@Bingsu#Cat_and_Dog,1,576,1e-4,12,0.9975
vit@imagenet-split-0-539,26539,vit@imagenet-split-0,1,192,1e-3,4,0.9728
vit@fashion_mnist-540,26721,vit@fashion_mnist,8,576,1e-3,12,0.9329
vit@Bingsu#Cat_and_Dog-541,26744,vit@Bingsu#Cat_and_Dog,1,576,1e-4,12,0.9975
vit@frgfm#imagenette-542,26851,vit@frgfm#imagenette,1,48,4e-4,1,0.9903184713375797
vit@fashion_mnist-543,26852,vit@fashion_mnist,8,576,1e-3,12,0.9329
vit@imagenet-split-2-544,26852,vit@imagenet-split-2,2,48,4e-4,1,0.8862
vit@food101-545,26852,vit@food101,8,48,4e-4,1,0.824990099009901
vit@food101-546,26852,vit@food101,8,48,4e-4,1,0.824990099009901
vit@food101-547,26857,vit@food101,2,48,4e-4,1,0.824990099009901
vit@cifar100-548,26873,vit@cifar100,8,576,1e-3,12,0.7871
vit@imagenet-split-0-549,27150,vit@imagenet-split-0,8,192,1e-3,4,0.9728
vit@imagenet-split-1-550,27150,vit@imagenet-split-1,8,384,1e-3,8,0.9122666666666667
vit@Bingsu#Cat_and_Dog-551,27157,vit@Bingsu#Cat_and_Dog,1,576,1e-4,12,0.9975
vit@Bingsu#Cat_and_Dog-552,27220,vit@Bingsu#Cat_and_Dog,1,576,1e-4,12,0.9975
vit@food101-553,27432,vit@food101,2,48,4e-4,1,0.824990099009901
vit@frgfm#imagenette-554,27539,vit@frgfm#imagenette,1,48,4e-4,1,0.9903184713375797
vit@cifar100-555,27565,vit@cifar100,8,576,1e-3,12,0.7871
vit@Bingsu#Cat_and_Dog-556,27579,vit@Bingsu#Cat_and_Dog,1,576,1e-4,12,0.9975
vit@Bingsu#Cat_and_Dog-557,27695,vit@Bingsu#Cat_and_Dog,1,576,1e-4,12,0.9975
vit@Bingsu#Cat_and_Dog-558,27741,vit@Bingsu#Cat_and_Dog,1,576,1e-4,12,0.9975
vit@fashion_mnist-559,27871,vit@fashion_mnist,1,576,1e-3,12,0.9329
vit@mnist-560,28092,vit@mnist,8,48,4e-4,1,0.9905
vit@cifar100-561,28092,vit@cifar100,8,576,1e-3,12,0.7871
vit@fashion_mnist-562,28092,vit@fashion_mnist,8,576,1e-3,12,0.9329
vit@imagenet-split-1-563,28092,vit@imagenet-split-1,8,384,1e-3,8,0.9122666666666667
vit@mnist-564,28092,vit@mnist,8,48,4e-4,1,0.9905
vit@fashion_mnist-565,28092,vit@fashion_mnist,8,576,1e-3,12,0.9329
vit@fashion_mnist-566,28092,vit@fashion_mnist,8,576,1e-3,12,0.9329
vit@cifar100-567,28092,vit@cifar100,8,576,1e-3,12,0.7871
vit@cifar100-568,28092,vit@cifar100,8,576,1e-3,12,0.7871
vit@cifar100-569,28092,vit@cifar100,8,576,1e-3,12,0.7871
vit@mnist-570,28092,vit@mnist,8,48,4e-4,1,0.9905
vit@fashion_mnist-571,28092,vit@fashion_mnist,8,576,1e-3,12,0.9329
vit@cifar100-572,28092,vit@cifar100,8,576,1e-3,12,0.7871
vit@fashion_mnist-573,28092,vit@fashion_mnist,8,576,1e-3,12,0.9329
vit@mnist-574,28092,vit@mnist,8,48,4e-4,1,0.9905
vit@fashion_mnist-575,28092,vit@fashion_mnist,8,576,1e-3,12,0.9329
vit@mnist-576,28092,vit@mnist,8,48,4e-4,1,0.9905
vit@fashion_mnist-577,28092,vit@fashion_mnist,8,576,1e-3,12,0.9329
vit@imagenet-split-0-578,28092,vit@imagenet-split-0,8,192,1e-3,4,0.9728
vit@cifar100-579,28092,vit@cifar100,8,576,1e-3,12,0.7871
vit@fashion_mnist-580,28092,vit@fashion_mnist,8,576,1e-3,12,0.9329
vit@cifar100-581,28092,vit@cifar100,8,576,1e-3,12,0.7871
vit@imagenet-split-0-582,28092,vit@imagenet-split-0,8,192,1e-3,4,0.9728
vit@imagenet-split-1-583,28093,vit@imagenet-split-1,8,384,1e-3,8,0.9122666666666667
vit@fashion_mnist-584,28093,vit@fashion_mnist,8,576,1e-3,12,0.9329
vit@imagenet-split-1-585,28093,vit@imagenet-split-1,8,384,1e-3,8,0.9122666666666667
vit@imagenet-split-0-586,28093,vit@imagenet-split-0,8,192,1e-3,4,0.9728
vit@fashion_mnist-587,28093,vit@fashion_mnist,8,576,1e-3,12,0.9329
vit@cifar100-588,28093,vit@cifar100,8,576,1e-3,12,0.7871
vit@cifar100-589,28093,vit@cifar100,8,576,1e-3,12,0.7871
vit@imagenet-split-0-590,28093,vit@imagenet-split-0,8,192,1e-3,4,0.9728
vit@cifar100-591,28093,vit@cifar100,8,576,1e-3,12,0.7871
vit@cifar100-592,28093,vit@cifar100,8,576,1e-3,12,0.7871
vit@imagenet-split-1-593,28093,vit@imagenet-split-1,8,384,1e-3,8,0.9122666666666667
vit@cifar100-594,28093,vit@cifar100,8,576,1e-3,12,0.7871
vit@mnist-595,28093,vit@mnist,8,48,4e-4,1,0.9905
vit@fashion_mnist-596,28093,vit@fashion_mnist,8,576,1e-3,12,0.9329
vit@fashion_mnist-597,28093,vit@fashion_mnist,8,576,1e-3,12,0.9329
vit@imagenet-split-1-598,28093,vit@imagenet-split-1,8,384,1e-3,8,0.9122666666666667
vit@mnist-599,28093,vit@mnist,8,48,4e-4,1,0.9905
vit@imagenet-split-0-600,28093,vit@imagenet-split-0,8,192,1e-3,4,0.9728
vit@imagenet-split-0-601,28093,vit@imagenet-split-0,8,192,1e-3,4,0.9728
vit@imagenet-split-0-602,28093,vit@imagenet-split-0,8,192,1e-3,4,0.9728
vit@cifar100-603,28093,vit@cifar100,8,576,1e-3,12,0.7871
vit@mnist-604,28093,vit@mnist,8,48,4e-4,1,0.9905
vit@mnist-605,28093,vit@mnist,8,48,4e-4,1,0.9905
vit@mnist-606,28093,vit@mnist,8,48,4e-4,1,0.9905
vit@cifar100-607,28093,vit@cifar100,8,576,1e-3,12,0.7871
vit@imagenet-split-0-608,28093,vit@imagenet-split-0,8,192,1e-3,4,0.9728
vit@imagenet-split-0-609,28093,vit@imagenet-split-0,8,192,1e-3,4,0.9728
vit@cifar100-610,28093,vit@cifar100,8,576,1e-3,12,0.7871
vit@imagenet-split-0-611,28093,vit@imagenet-split-0,8,192,1e-3,4,0.9728
vit@fashion_mnist-612,28093,vit@fashion_mnist,8,576,1e-3,12,0.9329
vit@cifar100-613,28093,vit@cifar100,8,576,1e-3,12,0.7871
vit@cifar100-614,28093,vit@cifar100,8,576,1e-3,12,0.7871
vit@imagenet-split-1-615,28093,vit@imagenet-split-1,8,384,1e-3,8,0.9122666666666667
vit@mnist-616,28093,vit@mnist,8,48,4e-4,1,0.9905
vit@mnist-617,28093,vit@mnist,8,48,4e-4,1,0.9905
vit@cifar100-618,28093,vit@cifar100,8,576,1e-3,12,0.7871
vit@imagenet-split-0-619,28093,vit@imagenet-split-0,8,192,1e-3,4,0.9728
vit@imagenet-split-0-620,28093,vit@imagenet-split-0,8,192,1e-3,4,0.9728
vit@imagenet-split-0-621,28093,vit@imagenet-split-0,8,192,1e-3,4,0.9728
vit@imagenet-split-0-622,28093,vit@imagenet-split-0,8,192,1e-3,4,0.9728
vit@imagenet-split-0-623,28093,vit@imagenet-split-0,8,192,1e-3,4,0.9728
vit@imagenet-split-0-624,28093,vit@imagenet-split-0,8,192,1e-3,4,0.9728
vit@mnist-625,28093,vit@mnist,8,48,4e-4,1,0.9905
vit@fashion_mnist-626,28093,vit@fashion_mnist,8,576,1e-3,12,0.9329
vit@imagenet-split-1-627,28093,vit@imagenet-split-1,8,384,1e-3,8,0.9122666666666667
vit@imagenet-split-1-628,28094,vit@imagenet-split-1,8,384,1e-3,8,0.9122666666666667
vit@imagenet-split-0-629,28094,vit@imagenet-split-0,8,192,1e-3,4,0.9728
vit@frgfm#imagenette-630,28318,vit@frgfm#imagenette,1,48,4e-4,1,0.9903184713375797
vit@cifar100-631,28340,vit@cifar100,8,576,1e-3,12,0.7871
vit@mnist-632,28425,vit@mnist,8,48,4e-4,1,0.9905
vit@imagenet-split-2-633,28449,vit@imagenet-split-2,2,48,4e-4,1,0.8862
vit@food101-634,28451,vit@food101,4,48,4e-4,1,0.824990099009901
vit@imagenet-split-0-635,28598,vit@imagenet-split-0,8,192,1e-3,4,0.9728
vit@imagenet-split-1-636,28634,vit@imagenet-split-1,8,384,1e-3,8,0.9122666666666667
vit@frgfm#imagenette-637,28653,vit@frgfm#imagenette,1,48,4e-4,1,0.9903184713375797
vit@frgfm#imagenette-638,28673,vit@frgfm#imagenette,1,48,4e-4,1,0.9903184713375797
vit@frgfm#imagenette-639,28767,vit@frgfm#imagenette,1,48,4e-4,1,0.9903184713375797
