name,submission_time,application,num_gpus,target_batch_size,target_lr,target_gradient_steps,target_metric
roberta-base@mrpc-0,45,roberta-base@mrpc,1,128,1e-3,8,0.9071803852889667
roberta-base@qnli-1,92,roberta-base@qnli,4,128,4e-5,8,0.9031667581914699
roberta-base@wnli-2,766,roberta-base@wnli,1,16,4e-4,1,0.5633802816901409
roberta-base@snli-3,786,roberta-base@snli,8,64,1e-4,4,0.9103840682788051
roberta-base@qnli-4,1280,roberta-base@qnli,1,128,4e-5,8,0.9031667581914699
roberta-base@wnli-5,1322,roberta-base@wnli,1,16,4e-4,1,0.5633802816901409
roberta-base@qqp-6,1987,roberta-base@qqp,2,64,1e-4,4,0.8587477826686815
roberta-base@qnli-7,2229,roberta-base@qnli,8,128,4e-5,8,0.9031667581914699
roberta-base@qnli-8,2634,roberta-base@qnli,4,128,4e-5,8,0.9031667581914699
roberta-base@mnli-9,2660,roberta-base@mnli,2,192,1e-3,12,0.8713194090677534
roberta-base@qnli-10,3002,roberta-base@qnli,8,128,4e-5,8,0.9031667581914699
roberta-base@sst2-11,3002,roberta-base@sst2,8,128,1e-3,8,0.9518348623853211
roberta-base@sst2-12,3014,roberta-base@sst2,4,128,1e-3,8,0.9518348623853211
roberta-base@wnli-13,3459,roberta-base@wnli,1,16,4e-4,1,0.5633802816901409
roberta-base@rte-14,3853,roberta-base@rte,1,16,1e-4,1,0.7111913357400722
roberta-base@rte-15,4072,roberta-base@rte,1,16,1e-4,1,0.7111913357400722
roberta-base@wnli-16,4295,roberta-base@wnli,1,16,4e-4,1,0.5633802816901409
roberta-base@qnli-17,4853,roberta-base@qnli,8,128,4e-5,8,0.9031667581914699
roberta-base@qnli-18,4853,roberta-base@qnli,8,128,4e-5,8,0.9031667581914699
roberta-base@mnli-19,4906,roberta-base@mnli,8,192,1e-3,12,0.8713194090677534
roberta-base@mnli-20,4906,roberta-base@mnli,2,192,1e-3,12,0.8713194090677534
roberta-base@qnli-21,5098,roberta-base@qnli,8,128,4e-5,8,0.9031667581914699
roberta-base@qqp-22,6003,roberta-base@qqp,2,64,1e-4,4,0.8587477826686815
roberta-base@mnli-23,6111,roberta-base@mnli,2,192,1e-3,12,0.8713194090677534
roberta-base@qnli-24,6467,roberta-base@qnli,8,128,4e-5,8,0.9031667581914699
roberta-base@wnli-25,7190,roberta-base@wnli,1,16,4e-4,1,0.5633802816901409
roberta-base@qnli-26,7246,roberta-base@qnli,4,128,4e-5,8,0.9031667581914699
roberta-base@sst2-27,7246,roberta-base@sst2,4,128,1e-3,8,0.9518348623853211
roberta-base@sst2-28,7328,roberta-base@sst2,4,128,1e-3,8,0.9518348623853211
roberta-base@sst2-29,7430,roberta-base@sst2,4,128,1e-3,8,0.9518348623853211
roberta-base@qnli-30,7490,roberta-base@qnli,4,128,4e-5,8,0.9031667581914699
roberta-base@sst2-31,7516,roberta-base@sst2,1,128,1e-3,8,0.9518348623853211
roberta-base@qnli-32,7670,roberta-base@qnli,4,128,4e-5,8,0.9031667581914699
roberta-base@qnli-33,7719,roberta-base@qnli,4,128,4e-5,8,0.9031667581914699
roberta-base@sst2-34,7774,roberta-base@sst2,1,128,1e-3,8,0.9518348623853211
roberta-base@sst2-35,7814,roberta-base@sst2,4,128,1e-3,8,0.9518348623853211
roberta-base@stsb-36,7949,roberta-base@stsb,1,16,1e-4,1,0.897162551068598
roberta-base@sst2-37,8044,roberta-base@sst2,1,128,1e-3,8,0.9518348623853211
roberta-base@rte-38,8067,roberta-base@rte,1,16,1e-4,1,0.7111913357400722
roberta-base@sst2-39,8169,roberta-base@sst2,4,128,1e-3,8,0.9518348623853211
roberta-base@qnli-40,8264,roberta-base@qnli,1,128,4e-5,8,0.9031667581914699
roberta-base@qnli-41,8267,roberta-base@qnli,1,128,4e-5,8,0.9031667581914699
roberta-base@rte-42,8364,roberta-base@rte,1,16,1e-4,1,0.7111913357400722
roberta-base@stsb-43,8718,roberta-base@stsb,1,16,1e-4,1,0.897162551068598
roberta-base@qnli-44,8748,roberta-base@qnli,2,128,4e-5,8,0.9031667581914699
roberta-base@qqp-45,8767,roberta-base@qqp,8,64,1e-4,4,0.8587477826686815
roberta-base@qnli-46,8768,roberta-base@qnli,1,128,4e-5,8,0.9031667581914699
roberta-base@stsb-47,8909,roberta-base@stsb,1,16,1e-4,1,0.897162551068598
roberta-base@wnli-48,9026,roberta-base@wnli,1,16,4e-4,1,0.5633802816901409
roberta-base@wnli-49,9147,roberta-base@wnli,1,16,4e-4,1,0.5633802816901409
roberta-base@snli-50,9491,roberta-base@snli,8,64,1e-4,4,0.9103840682788051
roberta-base@wnli-51,9538,roberta-base@wnli,1,16,4e-4,1,0.5633802816901409
roberta-base@mrpc-52,9538,roberta-base@mrpc,1,128,1e-3,8,0.9071803852889667
roberta-base@mrpc-53,9538,roberta-base@mrpc,1,128,1e-3,8,0.9071803852889667
roberta-base@stsb-54,9538,roberta-base@stsb,1,16,1e-4,1,0.897162551068598
roberta-base@rte-55,9538,roberta-base@rte,1,16,1e-4,1,0.7111913357400722
roberta-base@wnli-56,9539,roberta-base@wnli,1,16,4e-4,1,0.5633802816901409
roberta-base@wnli-57,9539,roberta-base@wnli,1,16,4e-4,1,0.5633802816901409
roberta-base@qnli-58,9612,roberta-base@qnli,1,128,4e-5,8,0.9031667581914699
roberta-base@mrpc-59,9707,roberta-base@mrpc,1,128,1e-3,8,0.9071803852889667
roberta-base@wnli-60,10052,roberta-base@wnli,1,16,4e-4,1,0.5633802816901409
roberta-base@rte-61,10462,roberta-base@rte,1,16,1e-4,1,0.7111913357400722
roberta-base@wnli-62,10587,roberta-base@wnli,1,16,4e-4,1,0.5633802816901409
roberta-base@snli-63,10617,roberta-base@snli,2,64,1e-4,4,0.9103840682788051
roberta-base@mnli-64,10618,roberta-base@mnli,2,192,1e-3,12,0.8713194090677534
roberta-base@snli-65,10618,roberta-base@snli,2,64,1e-4,4,0.9103840682788051
roberta-base@rte-66,10835,roberta-base@rte,2,16,1e-4,1,0.7111913357400722
roberta-base@rte-67,11194,roberta-base@rte,2,16,1e-4,1,0.7111913357400722
roberta-base@mrpc-68,11370,roberta-base@mrpc,2,128,1e-3,8,0.9071803852889667
roberta-base@rte-69,11370,roberta-base@rte,1,16,1e-4,1,0.7111913357400722
roberta-base@rte-70,11696,roberta-base@rte,1,16,1e-4,1,0.7111913357400722
roberta-base@stsb-71,11714,roberta-base@stsb,1,16,1e-4,1,0.897162551068598
roberta-base@rte-72,12033,roberta-base@rte,1,16,1e-4,1,0.7111913357400722
roberta-base@stsb-73,12079,roberta-base@stsb,1,16,1e-4,1,0.897162551068598
roberta-base@snli-74,12082,roberta-base@snli,8,64,1e-4,4,0.9103840682788051
roberta-base@wnli-75,12378,roberta-base@wnli,1,16,4e-4,1,0.5633802816901409
roberta-base@sst2-76,12456,roberta-base@sst2,16,128,1e-3,8,0.9518348623853211
roberta-base@stsb-77,13108,roberta-base@stsb,1,16,1e-4,1,0.897162551068598
roberta-base@qnli-78,13205,roberta-base@qnli,1,128,4e-5,8,0.9031667581914699
roberta-base@rte-79,13468,roberta-base@rte,1,16,1e-4,1,0.7111913357400722
roberta-base@qnli-80,13470,roberta-base@qnli,4,128,4e-5,8,0.9031667581914699
roberta-base@qqp-81,13613,roberta-base@qqp,2,64,1e-4,4,0.8587477826686815
roberta-base@wnli-82,13911,roberta-base@wnli,1,16,4e-4,1,0.5633802816901409
roberta-base@qqp-83,14031,roberta-base@qqp,2,64,1e-4,4,0.8587477826686815
roberta-base@sst2-84,14066,roberta-base@sst2,1,128,1e-3,8,0.9518348623853211
roberta-base@qqp-85,14109,roberta-base@qqp,8,64,1e-4,4,0.8587477826686815
roberta-base@sst2-86,14275,roberta-base@sst2,1,128,1e-3,8,0.9518348623853211
roberta-base@rte-87,14353,roberta-base@rte,1,16,1e-4,1,0.7111913357400722
roberta-base@qnli-88,15165,roberta-base@qnli,8,128,4e-5,8,0.9031667581914699
roberta-base@sst2-89,15342,roberta-base@sst2,1,128,1e-3,8,0.9518348623853211
roberta-base@qnli-90,15496,roberta-base@qnli,8,128,4e-5,8,0.9031667581914699
roberta-base@rte-91,16030,roberta-base@rte,1,16,1e-4,1,0.7111913357400722
roberta-base@wnli-92,16033,roberta-base@wnli,1,16,4e-4,1,0.5633802816901409
roberta-base@stsb-93,16773,roberta-base@stsb,1,16,1e-4,1,0.897162551068598
roberta-base@sst2-94,17039,roberta-base@sst2,8,128,1e-3,8,0.9518348623853211
roberta-base@wnli-95,17119,roberta-base@wnli,1,16,4e-4,1,0.5633802816901409
roberta-base@mrpc-96,17132,roberta-base@mrpc,1,128,1e-3,8,0.9071803852889667
roberta-base@wnli-97,17154,roberta-base@wnli,1,16,4e-4,1,0.5633802816901409
roberta-base@sst2-98,17159,roberta-base@sst2,2,128,1e-3,8,0.9518348623853211
roberta-base@qqp-99,17263,roberta-base@qqp,8,64,1e-4,4,0.8587477826686815
roberta-base@wnli-100,17581,roberta-base@wnli,1,16,4e-4,1,0.5633802816901409
roberta-base@mrpc-101,17864,roberta-base@mrpc,1,128,1e-3,8,0.9071803852889667
roberta-base@wnli-102,18187,roberta-base@wnli,1,16,4e-4,1,0.5633802816901409
roberta-base@snli-103,18254,roberta-base@snli,8,64,1e-4,4,0.9103840682788051
roberta-base@stsb-104,18413,roberta-base@stsb,1,16,1e-4,1,0.897162551068598
roberta-base@rte-105,18835,roberta-base@rte,1,16,1e-4,1,0.7111913357400722
roberta-base@qnli-106,19136,roberta-base@qnli,8,128,4e-5,8,0.9031667581914699
roberta-base@qnli-107,19136,roberta-base@qnli,8,128,4e-5,8,0.9031667581914699
roberta-base@qnli-108,19136,roberta-base@qnli,8,128,4e-5,8,0.9031667581914699
roberta-base@qqp-109,19137,roberta-base@qqp,2,64,1e-4,4,0.8587477826686815
roberta-base@sst2-110,19137,roberta-base@sst2,8,128,1e-3,8,0.9518348623853211
roberta-base@stsb-111,19211,roberta-base@stsb,1,16,1e-4,1,0.897162551068598
roberta-base@sst2-112,19247,roberta-base@sst2,8,128,1e-3,8,0.9518348623853211
roberta-base@sst2-113,19247,roberta-base@sst2,8,128,1e-3,8,0.9518348623853211
roberta-base@sst2-114,19247,roberta-base@sst2,8,128,1e-3,8,0.9518348623853211
roberta-base@qnli-115,19247,roberta-base@qnli,8,128,4e-5,8,0.9031667581914699
roberta-base@qnli-116,19247,roberta-base@qnli,8,128,4e-5,8,0.9031667581914699
roberta-base@sst2-117,19248,roberta-base@sst2,8,128,1e-3,8,0.9518348623853211
roberta-base@wnli-118,19526,roberta-base@wnli,1,16,4e-4,1,0.5633802816901409
roberta-base@sst2-119,19734,roberta-base@sst2,1,128,1e-3,8,0.9518348623853211
roberta-base@mnli-120,20006,roberta-base@mnli,2,192,1e-3,12,0.8713194090677534
roberta-base@wnli-121,20047,roberta-base@wnli,1,16,4e-4,1,0.5633802816901409
roberta-base@sst2-122,20140,roberta-base@sst2,1,128,1e-3,8,0.9518348623853211
roberta-base@sst2-123,20361,roberta-base@sst2,1,128,1e-3,8,0.9518348623853211
roberta-base@rte-124,21050,roberta-base@rte,1,16,1e-4,1,0.7111913357400722
roberta-base@sst2-125,21147,roberta-base@sst2,8,128,1e-3,8,0.9518348623853211
roberta-base@sst2-126,21147,roberta-base@sst2,8,128,1e-3,8,0.9518348623853211
roberta-base@stsb-127,21258,roberta-base@stsb,1,16,1e-4,1,0.897162551068598
roberta-base@qnli-128,21333,roberta-base@qnli,1,128,4e-5,8,0.9031667581914699
roberta-base@qnli-129,21547,roberta-base@qnli,8,128,4e-5,8,0.9031667581914699
roberta-base@qnli-130,21547,roberta-base@qnli,8,128,4e-5,8,0.9031667581914699
roberta-base@sst2-131,21547,roberta-base@sst2,8,128,1e-3,8,0.9518348623853211
roberta-base@sst2-132,21547,roberta-base@sst2,8,128,1e-3,8,0.9518348623853211
roberta-base@sst2-133,21547,roberta-base@sst2,8,128,1e-3,8,0.9518348623853211
roberta-base@sst2-134,21548,roberta-base@sst2,8,128,1e-3,8,0.9518348623853211
roberta-base@qnli-135,21548,roberta-base@qnli,8,128,4e-5,8,0.9031667581914699
roberta-base@sst2-136,21548,roberta-base@sst2,8,128,1e-3,8,0.9518348623853211
roberta-base@sst2-137,21548,roberta-base@sst2,8,128,1e-3,8,0.9518348623853211
roberta-base@sst2-138,21548,roberta-base@sst2,8,128,1e-3,8,0.9518348623853211
roberta-base@qnli-139,21548,roberta-base@qnli,8,128,4e-5,8,0.9031667581914699
roberta-base@qnli-140,21548,roberta-base@qnli,8,128,4e-5,8,0.9031667581914699
roberta-base@qnli-141,21548,roberta-base@qnli,8,128,4e-5,8,0.9031667581914699
roberta-base@qnli-142,21548,roberta-base@qnli,8,128,4e-5,8,0.9031667581914699
roberta-base@qnli-143,21548,roberta-base@qnli,8,128,4e-5,8,0.9031667581914699
roberta-base@rte-144,21891,roberta-base@rte,1,16,1e-4,1,0.7111913357400722
roberta-base@qnli-145,22260,roberta-base@qnli,8,128,4e-5,8,0.9031667581914699
roberta-base@mrpc-146,22395,roberta-base@mrpc,1,128,1e-3,8,0.9071803852889667
roberta-base@qnli-147,22654,roberta-base@qnli,8,128,4e-5,8,0.9031667581914699
roberta-base@sst2-148,22654,roberta-base@sst2,8,128,1e-3,8,0.9518348623853211
roberta-base@qnli-149,22654,roberta-base@qnli,8,128,4e-5,8,0.9031667581914699
roberta-base@qnli-150,22654,roberta-base@qnli,8,128,4e-5,8,0.9031667581914699
roberta-base@sst2-151,22654,roberta-base@sst2,8,128,1e-3,8,0.9518348623853211
roberta-base@sst2-152,22654,roberta-base@sst2,8,128,1e-3,8,0.9518348623853211
roberta-base@qnli-153,22654,roberta-base@qnli,8,128,4e-5,8,0.9031667581914699
roberta-base@sst2-154,22654,roberta-base@sst2,8,128,1e-3,8,0.9518348623853211
roberta-base@sst2-155,22655,roberta-base@sst2,8,128,1e-3,8,0.9518348623853211
roberta-base@sst2-156,22655,roberta-base@sst2,8,128,1e-3,8,0.9518348623853211
roberta-base@qnli-157,22655,roberta-base@qnli,8,128,4e-5,8,0.9031667581914699
roberta-base@sst2-158,22655,roberta-base@sst2,8,128,1e-3,8,0.9518348623853211
roberta-base@sst2-159,22655,roberta-base@sst2,8,128,1e-3,8,0.9518348623853211
roberta-base@sst2-160,22655,roberta-base@sst2,8,128,1e-3,8,0.9518348623853211
roberta-base@qnli-161,22655,roberta-base@qnli,8,128,4e-5,8,0.9031667581914699
roberta-base@qnli-162,22655,roberta-base@qnli,8,128,4e-5,8,0.9031667581914699
roberta-base@qnli-163,22655,roberta-base@qnli,8,128,4e-5,8,0.9031667581914699
roberta-base@qnli-164,22655,roberta-base@qnli,8,128,4e-5,8,0.9031667581914699
roberta-base@sst2-165,22655,roberta-base@sst2,8,128,1e-3,8,0.9518348623853211
roberta-base@qnli-166,22655,roberta-base@qnli,8,128,4e-5,8,0.9031667581914699
roberta-base@qnli-167,22655,roberta-base@qnli,8,128,4e-5,8,0.9031667581914699
roberta-base@sst2-168,22655,roberta-base@sst2,8,128,1e-3,8,0.9518348623853211
roberta-base@qnli-169,22655,roberta-base@qnli,8,128,4e-5,8,0.9031667581914699
roberta-base@sst2-170,22655,roberta-base@sst2,8,128,1e-3,8,0.9518348623853211
roberta-base@sst2-171,22655,roberta-base@sst2,8,128,1e-3,8,0.9518348623853211
roberta-base@qnli-172,22655,roberta-base@qnli,8,128,4e-5,8,0.9031667581914699
roberta-base@sst2-173,22656,roberta-base@sst2,8,128,1e-3,8,0.9518348623853211
roberta-base@wnli-174,22896,roberta-base@wnli,1,16,4e-4,1,0.5633802816901409
roberta-base@wnli-175,22913,roberta-base@wnli,1,16,4e-4,1,0.5633802816901409
roberta-base@sst2-176,23166,roberta-base@sst2,8,128,1e-3,8,0.9518348623853211
roberta-base@sst2-177,23166,roberta-base@sst2,8,128,1e-3,8,0.9518348623853211
roberta-base@rte-178,23231,roberta-base@rte,1,16,1e-4,1,0.7111913357400722
roberta-base@stsb-179,23258,roberta-base@stsb,1,16,1e-4,1,0.897162551068598
roberta-base@sst2-180,23298,roberta-base@sst2,8,128,1e-3,8,0.9518348623853211
roberta-base@qnli-181,23298,roberta-base@qnli,8,128,4e-5,8,0.9031667581914699
roberta-base@sst2-182,23298,roberta-base@sst2,8,128,1e-3,8,0.9518348623853211
roberta-base@wnli-183,23564,roberta-base@wnli,1,16,4e-4,1,0.5633802816901409
roberta-base@mnli-184,23797,roberta-base@mnli,2,192,1e-3,12,0.8713194090677534
roberta-base@qnli-185,23833,roberta-base@qnli,8,128,4e-5,8,0.9031667581914699
roberta-base@sst2-186,24003,roberta-base@sst2,1,128,1e-3,8,0.9518348623853211
roberta-base@sst2-187,24306,roberta-base@sst2,8,128,1e-3,8,0.9518348623853211
roberta-base@sst2-188,24583,roberta-base@sst2,1,128,1e-3,8,0.9518348623853211
roberta-base@qnli-189,24591,roberta-base@qnli,1,128,4e-5,8,0.9031667581914699
roberta-base@sst2-190,24611,roberta-base@sst2,1,128,1e-3,8,0.9518348623853211
roberta-base@qnli-191,24709,roberta-base@qnli,8,128,4e-5,8,0.9031667581914699
roberta-base@qnli-192,24715,roberta-base@qnli,1,128,4e-5,8,0.9031667581914699
roberta-base@stsb-193,24844,roberta-base@stsb,1,16,1e-4,1,0.897162551068598
roberta-base@rte-194,25026,roberta-base@rte,1,16,1e-4,1,0.7111913357400722
roberta-base@stsb-195,25165,roberta-base@stsb,1,16,1e-4,1,0.897162551068598
roberta-base@qnli-196,25326,roberta-base@qnli,8,128,4e-5,8,0.9031667581914699
roberta-base@qnli-197,25326,roberta-base@qnli,8,128,4e-5,8,0.9031667581914699
roberta-base@sst2-198,25475,roberta-base@sst2,8,128,1e-3,8,0.9518348623853211
roberta-base@stsb-199,25611,roberta-base@stsb,1,16,1e-4,1,0.897162551068598
roberta-base@qnli-200,25688,roberta-base@qnli,1,128,4e-5,8,0.9031667581914699
roberta-base@sst2-201,25892,roberta-base@sst2,1,128,1e-3,8,0.9518348623853211
roberta-base@sst2-202,25902,roberta-base@sst2,8,128,1e-3,8,0.9518348623853211
roberta-base@rte-203,25946,roberta-base@rte,1,16,1e-4,1,0.7111913357400722
roberta-base@rte-204,26066,roberta-base@rte,1,16,1e-4,1,0.7111913357400722
roberta-base@qnli-205,26066,roberta-base@qnli,1,128,4e-5,8,0.9031667581914699
roberta-base@mrpc-206,26099,roberta-base@mrpc,1,128,1e-3,8,0.9071803852889667
roberta-base@qnli-207,26180,roberta-base@qnli,1,128,4e-5,8,0.9031667581914699
roberta-base@wnli-208,26344,roberta-base@wnli,1,16,4e-4,1,0.5633802816901409
roberta-base@sst2-209,26475,roberta-base@sst2,4,128,1e-3,8,0.9518348623853211
roberta-base@stsb-210,26481,roberta-base@stsb,1,16,1e-4,1,0.897162551068598
roberta-base@sst2-211,26539,roberta-base@sst2,1,128,1e-3,8,0.9518348623853211
roberta-base@mnli-212,26857,roberta-base@mnli,2,192,1e-3,12,0.8713194090677534
roberta-base@qnli-213,27150,roberta-base@qnli,8,128,4e-5,8,0.9031667581914699
roberta-base@sst2-214,27150,roberta-base@sst2,8,128,1e-3,8,0.9518348623853211
roberta-base@wnli-215,27157,roberta-base@wnli,1,16,4e-4,1,0.5633802816901409
roberta-base@sst2-216,27565,roberta-base@sst2,8,128,1e-3,8,0.9518348623853211
roberta-base@rte-217,27579,roberta-base@rte,1,16,1e-4,1,0.7111913357400722
roberta-base@sst2-218,27871,roberta-base@sst2,1,128,1e-3,8,0.9518348623853211
roberta-base@sst2-219,28092,roberta-base@sst2,8,128,1e-3,8,0.9518348623853211
roberta-base@qnli-220,28092,roberta-base@qnli,8,128,4e-5,8,0.9031667581914699
roberta-base@sst2-221,28092,roberta-base@sst2,8,128,1e-3,8,0.9518348623853211
roberta-base@sst2-222,28092,roberta-base@sst2,8,128,1e-3,8,0.9518348623853211
roberta-base@qnli-223,28092,roberta-base@qnli,8,128,4e-5,8,0.9031667581914699
roberta-base@sst2-224,28092,roberta-base@sst2,8,128,1e-3,8,0.9518348623853211
roberta-base@sst2-225,28092,roberta-base@sst2,8,128,1e-3,8,0.9518348623853211
roberta-base@sst2-226,28092,roberta-base@sst2,8,128,1e-3,8,0.9518348623853211
roberta-base@qnli-227,28092,roberta-base@qnli,8,128,4e-5,8,0.9031667581914699
roberta-base@sst2-228,28093,roberta-base@sst2,8,128,1e-3,8,0.9518348623853211
roberta-base@qnli-229,28093,roberta-base@qnli,8,128,4e-5,8,0.9031667581914699
roberta-base@sst2-230,28093,roberta-base@sst2,8,128,1e-3,8,0.9518348623853211
roberta-base@sst2-231,28093,roberta-base@sst2,8,128,1e-3,8,0.9518348623853211
roberta-base@sst2-232,28093,roberta-base@sst2,8,128,1e-3,8,0.9518348623853211
roberta-base@sst2-233,28093,roberta-base@sst2,8,128,1e-3,8,0.9518348623853211
roberta-base@sst2-234,28093,roberta-base@sst2,8,128,1e-3,8,0.9518348623853211
roberta-base@sst2-235,28093,roberta-base@sst2,8,128,1e-3,8,0.9518348623853211
roberta-base@qnli-236,28093,roberta-base@qnli,8,128,4e-5,8,0.9031667581914699
roberta-base@sst2-237,28094,roberta-base@sst2,8,128,1e-3,8,0.9518348623853211
roberta-base@mnli-238,28449,roberta-base@mnli,2,192,1e-3,12,0.8713194090677534
roberta-base@qnli-239,28634,roberta-base@qnli,8,128,4e-5,8,0.9031667581914699
