name,submission_time,application,num_gpus,target_batch_size,target_lr,target_gradient_steps,target_metric
roberta-base@mrpc-0,45,roberta-base@mrpc,1,128,1e-3,8,0.9071803852889667
roberta-base@qnli-1,786,roberta-base@qnli,2,128,4e-5,8,0.9031667581914699
roberta-base@qnli-2,1280,roberta-base@qnli,1,128,4e-5,8,0.9031667581914699
roberta-base@sst2-3,1987,roberta-base@sst2,2,128,1e-3,8,0.9518348623853211
roberta-base@qnli-4,2634,roberta-base@qnli,4,128,4e-5,8,0.9031667581914699
roberta-base@qnli-5,2660,roberta-base@qnli,2,128,4e-5,8,0.9031667581914699
roberta-base@qnli-6,3002,roberta-base@qnli,8,128,4e-5,8,0.9031667581914699
roberta-base@stsb-7,3459,roberta-base@stsb,1,16,1e-4,1,0.897162551068598
roberta-base@rte-8,4072,roberta-base@rte,1,16,1e-4,1,0.7111913357400722
roberta-base@qnli-9,4853,roberta-base@qnli,8,128,4e-5,8,0.9031667581914699
roberta-base@mnli-10,4906,roberta-base@mnli,2,192,1e-3,12,0.8713194090677534
roberta-base@qqp-11,6003,roberta-base@qqp,16,64,1e-4,4,0.8587477826686815
roberta-base@mnli-12,6111,roberta-base@mnli,2,192,1e-3,12,0.8713194090677534
roberta-base@qnli-13,7246,roberta-base@qnli,4,128,4e-5,8,0.9031667581914699
roberta-base@sst2-14,7328,roberta-base@sst2,4,128,1e-3,8,0.9518348623853211
roberta-base@wnli-15,7516,roberta-base@wnli,1,16,4e-4,1,0.5633802816901409
roberta-base@sst2-16,7774,roberta-base@sst2,1,128,1e-3,8,0.9518348623853211
roberta-base@rte-17,8067,roberta-base@rte,1,16,1e-4,1,0.7111913357400722
roberta-base@sst2-18,8267,roberta-base@sst2,1,128,1e-3,8,0.9518348623853211
roberta-base@rte-19,8364,roberta-base@rte,1,16,1e-4,1,0.7111913357400722
roberta-base@stsb-20,8718,roberta-base@stsb,1,16,1e-4,1,0.897162551068598
roberta-base@qnli-21,8748,roberta-base@qnli,2,128,4e-5,8,0.9031667581914699
roberta-base@qnli-22,8768,roberta-base@qnli,1,128,4e-5,8,0.9031667581914699
roberta-base@wnli-23,9147,roberta-base@wnli,1,16,4e-4,1,0.5633802816901409
roberta-base@wnli-24,9538,roberta-base@wnli,1,16,4e-4,1,0.5633802816901409
roberta-base@mrpc-25,9538,roberta-base@mrpc,1,128,1e-3,8,0.9071803852889667
roberta-base@wnli-26,9538,roberta-base@wnli,1,16,4e-4,1,0.5633802816901409
roberta-base@wnli-27,9539,roberta-base@wnli,1,16,4e-4,1,0.5633802816901409
roberta-base@qnli-28,9612,roberta-base@qnli,1,128,4e-5,8,0.9031667581914699
roberta-base@wnli-29,9707,roberta-base@wnli,1,16,4e-4,1,0.5633802816901409
roberta-base@wnli-30,10052,roberta-base@wnli,1,16,4e-4,1,0.5633802816901409
roberta-base@rte-31,10462,roberta-base@rte,1,16,1e-4,1,0.7111913357400722
roberta-base@snli-32,10617,roberta-base@snli,8,64,1e-4,4,0.9103840682788051
roberta-base@mnli-33,10618,roberta-base@mnli,8,192,1e-3,12,0.8713194090677534
roberta-base@rte-34,11194,roberta-base@rte,2,16,1e-4,1,0.7111913357400722
roberta-base@rte-35,11696,roberta-base@rte,1,16,1e-4,1,0.7111913357400722
roberta-base@stsb-36,11714,roberta-base@stsb,1,16,1e-4,1,0.897162551068598
roberta-base@stsb-37,12079,roberta-base@stsb,1,16,1e-4,1,0.897162551068598
roberta-base@snli-38,12082,roberta-base@snli,8,64,1e-4,4,0.9103840682788051
roberta-base@sst2-39,12456,roberta-base@sst2,16,128,1e-3,8,0.9518348623853211
roberta-base@stsb-40,13108,roberta-base@stsb,1,16,1e-4,1,0.897162551068598
roberta-base@rte-41,13468,roberta-base@rte,1,16,1e-4,1,0.7111913357400722
roberta-base@qnli-42,13470,roberta-base@qnli,4,128,4e-5,8,0.9031667581914699
roberta-base@wnli-43,13911,roberta-base@wnli,1,16,4e-4,1,0.5633802816901409
roberta-base@qqp-44,14031,roberta-base@qqp,8,64,1e-4,4,0.8587477826686815
roberta-base@qnli-45,14066,roberta-base@qnli,1,128,4e-5,8,0.9031667581914699
roberta-base@qqp-46,14109,roberta-base@qqp,8,64,1e-4,4,0.8587477826686815
roberta-base@sst2-47,14275,roberta-base@sst2,1,128,1e-3,8,0.9518348623853211
roberta-base@qnli-48,15165,roberta-base@qnli,8,128,4e-5,8,0.9031667581914699
roberta-base@sst2-49,15342,roberta-base@sst2,1,128,1e-3,8,0.9518348623853211
roberta-base@rte-50,16030,roberta-base@rte,1,16,1e-4,1,0.7111913357400722
roberta-base@mrpc-51,16773,roberta-base@mrpc,1,128,1e-3,8,0.9071803852889667
roberta-base@mrpc-52,17132,roberta-base@mrpc,1,128,1e-3,8,0.9071803852889667
roberta-base@qnli-53,17159,roberta-base@qnli,2,128,4e-5,8,0.9031667581914699
roberta-base@qqp-54,17263,roberta-base@qqp,2,64,1e-4,4,0.8587477826686815
roberta-base@wnli-55,18187,roberta-base@wnli,1,16,4e-4,1,0.5633802816901409
roberta-base@sst2-56,18254,roberta-base@sst2,2,128,1e-3,8,0.9518348623853211
roberta-base@rte-57,18835,roberta-base@rte,1,16,1e-4,1,0.7111913357400722
roberta-base@qnli-58,19136,roberta-base@qnli,8,128,4e-5,8,0.9031667581914699
roberta-base@qqp-59,19137,roberta-base@qqp,2,64,1e-4,4,0.8587477826686815
roberta-base@sst2-60,19137,roberta-base@sst2,8,128,1e-3,8,0.9518348623853211
roberta-base@stsb-61,19211,roberta-base@stsb,1,16,1e-4,1,0.897162551068598
roberta-base@sst2-62,19247,roberta-base@sst2,8,128,1e-3,8,0.9518348623853211
roberta-base@sst2-63,19247,roberta-base@sst2,8,128,1e-3,8,0.9518348623853211
roberta-base@mnli-64,20006,roberta-base@mnli,8,192,1e-3,12,0.8713194090677534
roberta-base@stsb-65,21258,roberta-base@stsb,1,16,1e-4,1,0.897162551068598
roberta-base@qnli-66,21333,roberta-base@qnli,1,128,4e-5,8,0.9031667581914699
roberta-base@qnli-67,21547,roberta-base@qnli,8,128,4e-5,8,0.9031667581914699
roberta-base@qnli-68,21547,roberta-base@qnli,8,128,4e-5,8,0.9031667581914699
roberta-base@sst2-69,21548,roberta-base@sst2,8,128,1e-3,8,0.9518348623853211
roberta-base@qnli-70,21548,roberta-base@qnli,8,128,4e-5,8,0.9031667581914699
roberta-base@sst2-71,21548,roberta-base@sst2,8,128,1e-3,8,0.9518348623853211
roberta-base@rte-72,21891,roberta-base@rte,1,16,1e-4,1,0.7111913357400722
roberta-base@qnli-73,22260,roberta-base@qnli,8,128,4e-5,8,0.9031667581914699
roberta-base@mrpc-74,22395,roberta-base@mrpc,1,128,1e-3,8,0.9071803852889667
roberta-base@qnli-75,22654,roberta-base@qnli,8,128,4e-5,8,0.9031667581914699
roberta-base@sst2-76,22654,roberta-base@sst2,8,128,1e-3,8,0.9518348623853211
roberta-base@qnli-77,22654,roberta-base@qnli,8,128,4e-5,8,0.9031667581914699
roberta-base@qnli-78,22654,roberta-base@qnli,8,128,4e-5,8,0.9031667581914699
roberta-base@sst2-79,22655,roberta-base@sst2,8,128,1e-3,8,0.9518348623853211
roberta-base@sst2-80,22655,roberta-base@sst2,8,128,1e-3,8,0.9518348623853211
roberta-base@qnli-81,22655,roberta-base@qnli,8,128,4e-5,8,0.9031667581914699
roberta-base@sst2-82,22655,roberta-base@sst2,8,128,1e-3,8,0.9518348623853211
roberta-base@sst2-83,22655,roberta-base@sst2,8,128,1e-3,8,0.9518348623853211
roberta-base@sst2-84,22655,roberta-base@sst2,8,128,1e-3,8,0.9518348623853211
roberta-base@qnli-85,22655,roberta-base@qnli,8,128,4e-5,8,0.9031667581914699
roberta-base@qnli-86,22655,roberta-base@qnli,8,128,4e-5,8,0.9031667581914699
roberta-base@qnli-87,22655,roberta-base@qnli,8,128,4e-5,8,0.9031667581914699
roberta-base@sst2-88,23166,roberta-base@sst2,8,128,1e-3,8,0.9518348623853211
roberta-base@sst2-89,23298,roberta-base@sst2,8,128,1e-3,8,0.9518348623853211
roberta-base@qnli-90,23298,roberta-base@qnli,8,128,4e-5,8,0.9031667581914699
roberta-base@qnli-91,23833,roberta-base@qnli,8,128,4e-5,8,0.9031667581914699
roberta-base@sst2-92,24306,roberta-base@sst2,8,128,1e-3,8,0.9518348623853211
roberta-base@sst2-93,24583,roberta-base@sst2,1,128,1e-3,8,0.9518348623853211
roberta-base@sst2-94,24611,roberta-base@sst2,1,128,1e-3,8,0.9518348623853211
roberta-base@qnli-95,24715,roberta-base@qnli,1,128,4e-5,8,0.9031667581914699
roberta-base@stsb-96,25165,roberta-base@stsb,1,16,1e-4,1,0.897162551068598
roberta-base@qnli-97,25326,roberta-base@qnli,8,128,4e-5,8,0.9031667581914699
roberta-base@sst2-98,25475,roberta-base@sst2,8,128,1e-3,8,0.9518348623853211
roberta-base@sst2-99,25688,roberta-base@sst2,1,128,1e-3,8,0.9518348623853211
roberta-base@rte-100,25946,roberta-base@rte,1,16,1e-4,1,0.7111913357400722
roberta-base@rte-101,26066,roberta-base@rte,1,16,1e-4,1,0.7111913357400722
roberta-base@mrpc-102,26099,roberta-base@mrpc,1,128,1e-3,8,0.9071803852889667
roberta-base@wnli-103,26344,roberta-base@wnli,1,16,4e-4,1,0.5633802816901409
roberta-base@sst2-104,26539,roberta-base@sst2,1,128,1e-3,8,0.9518348623853211
roberta-base@qnli-105,26857,roberta-base@qnli,2,128,4e-5,8,0.9031667581914699
roberta-base@qnli-106,27150,roberta-base@qnli,8,128,4e-5,8,0.9031667581914699
roberta-base@qnli-107,27150,roberta-base@qnli,8,128,4e-5,8,0.9031667581914699
roberta-base@wnli-108,27157,roberta-base@wnli,1,16,4e-4,1,0.5633802816901409
roberta-base@sst2-109,27565,roberta-base@sst2,8,128,1e-3,8,0.9518348623853211
roberta-base@sst2-110,27871,roberta-base@sst2,1,128,1e-3,8,0.9518348623853211
roberta-base@sst2-111,28092,roberta-base@sst2,8,128,1e-3,8,0.9518348623853211
roberta-base@qnli-112,28092,roberta-base@qnli,8,128,4e-5,8,0.9031667581914699
roberta-base@sst2-113,28092,roberta-base@sst2,8,128,1e-3,8,0.9518348623853211
roberta-base@sst2-114,28092,roberta-base@sst2,8,128,1e-3,8,0.9518348623853211
roberta-base@sst2-115,28093,roberta-base@sst2,8,128,1e-3,8,0.9518348623853211
roberta-base@qnli-116,28093,roberta-base@qnli,8,128,4e-5,8,0.9031667581914699
roberta-base@sst2-117,28093,roberta-base@sst2,8,128,1e-3,8,0.9518348623853211
roberta-base@sst2-118,28093,roberta-base@sst2,8,128,1e-3,8,0.9518348623853211
roberta-base@sst2-119,28634,roberta-base@sst2,8,128,1e-3,8,0.9518348623853211
