name,submission_time,application,num_gpus,target_batch_size,target_lr,target_gradient_steps,target_metric
vit-large@frgfm#imagenette-0,45,vit-large@frgfm#imagenette,1,48,4e-4,1,0.9890445859872612
vit-large@imagenet-split-1-1,92,vit-large@imagenet-split-1,4,576,4e-4,12,0.9104
vit-large@food101-2,786,vit-large@food101,2,48,1e-4,1,0.810930693069307
vit-large@imagenet-split-0-3,1280,vit-large@imagenet-split-0,1,48,1e-4,1,0.9704
vit-large@imagenet-split-0-4,1987,vit-large@imagenet-split-0,2,48,1e-4,1,0.9704
vit-large@imagenet-split-1-5,2229,vit-large@imagenet-split-1,8,576,4e-4,12,0.9104
vit-large@imagenet-split-1-6,2634,vit-large@imagenet-split-1,4,576,4e-4,12,0.9104
vit-large@imagenet-split-0-7,2660,vit-large@imagenet-split-0,2,48,1e-4,1,0.9704
vit-large@mnist-8,3002,vit-large@mnist,8,192,4e-4,4,0.9912
vit-large@frgfm#imagenette-9,3459,vit-large@frgfm#imagenette,1,48,4e-4,1,0.9890445859872612
vit-large@frgfm#imagenette-10,3853,vit-large@frgfm#imagenette,1,48,4e-4,1,0.9890445859872612
vit-large@frgfm#imagenette-11,4072,vit-large@frgfm#imagenette,1,48,4e-4,1,0.9890445859872612
vit-large@mnist-12,4853,vit-large@mnist,8,192,4e-4,4,0.9912
vit-large@food101-13,4906,vit-large@food101,2,48,1e-4,1,0.810930693069307
vit-large@fashion_mnist-14,5098,vit-large@fashion_mnist,8,192,4e-4,4,0.9385
vit-large@imagenet-split-2-15,6003,vit-large@imagenet-split-2,8,192,4e-4,4,0.8824
vit-large@food101-16,6111,vit-large@food101,2,48,1e-4,1,0.810930693069307
vit-large@imagenet-split-0-17,7246,vit-large@imagenet-split-0,4,48,1e-4,1,0.9704
vit-large@cifar100-18,7246,vit-large@cifar100,4,192,4e-4,4,0.8548
vit-large@imagenet-split-1-19,7328,vit-large@imagenet-split-1,4,576,4e-4,12,0.9104
vit-large@cifar100-20,7430,vit-large@cifar100,4,192,4e-4,4,0.8548
vit-large@imagenet-split-1-21,7490,vit-large@imagenet-split-1,4,576,4e-4,12,0.9104
vit-large@cifar100-22,7516,vit-large@cifar100,1,192,4e-4,4,0.8548
vit-large@cifar100-23,7670,vit-large@cifar100,4,192,4e-4,4,0.8548
vit-large@mnist-24,7719,vit-large@mnist,4,192,4e-4,4,0.9912
vit-large@mnist-25,7774,vit-large@mnist,1,192,4e-4,4,0.9912
vit-large@Bingsu#Cat_and_Dog-26,8067,vit-large@Bingsu#Cat_and_Dog,1,576,1e-3,12,0.997
vit-large@imagenet-split-1-27,8267,vit-large@imagenet-split-1,1,576,4e-4,12,0.9104
vit-large@Bingsu#Cat_and_Dog-28,8364,vit-large@Bingsu#Cat_and_Dog,1,576,1e-3,12,0.997
vit-large@fashion_mnist-29,8718,vit-large@fashion_mnist,1,192,4e-4,4,0.9385
vit-large@cifar100-30,8748,vit-large@cifar100,2,192,4e-4,4,0.8548
vit-large@cifar100-31,8768,vit-large@cifar100,1,192,4e-4,4,0.8548
vit-large@frgfm#imagenette-32,9026,vit-large@frgfm#imagenette,1,48,4e-4,1,0.9890445859872612
vit-large@frgfm#imagenette-33,9147,vit-large@frgfm#imagenette,1,48,4e-4,1,0.9890445859872612
vit-large@food101-34,9491,vit-large@food101,8,48,1e-4,1,0.810930693069307
vit-large@frgfm#imagenette-35,9538,vit-large@frgfm#imagenette,1,48,4e-4,1,0.9890445859872612
vit-large@frgfm#imagenette-36,9538,vit-large@frgfm#imagenette,1,48,4e-4,1,0.9890445859872612
vit-large@frgfm#imagenette-37,9538,vit-large@frgfm#imagenette,1,48,4e-4,1,0.9890445859872612
vit-large@frgfm#imagenette-38,9538,vit-large@frgfm#imagenette,1,48,4e-4,1,0.9890445859872612
vit-large@frgfm#imagenette-39,9539,vit-large@frgfm#imagenette,1,48,4e-4,1,0.9890445859872612
vit-large@Bingsu#Cat_and_Dog-40,9539,vit-large@Bingsu#Cat_and_Dog,1,576,1e-3,12,0.997
vit-large@imagenet-split-0-41,9612,vit-large@imagenet-split-0,1,48,1e-4,1,0.9704
vit-large@Bingsu#Cat_and_Dog-42,9707,vit-large@Bingsu#Cat_and_Dog,1,576,1e-3,12,0.997
vit-large@frgfm#imagenette-43,10052,vit-large@frgfm#imagenette,1,48,4e-4,1,0.9890445859872612
vit-large@frgfm#imagenette-44,10462,vit-large@frgfm#imagenette,1,48,4e-4,1,0.9890445859872612
vit-large@food101-45,10617,vit-large@food101,8,48,1e-4,1,0.810930693069307
vit-large@food101-46,10618,vit-large@food101,2,48,1e-4,1,0.810930693069307
vit-large@food101-47,10618,vit-large@food101,8,48,1e-4,1,0.810930693069307
vit-large@frgfm#imagenette-48,10835,vit-large@frgfm#imagenette,2,48,4e-4,1,0.9890445859872612
vit-large@frgfm#imagenette-49,11194,vit-large@frgfm#imagenette,2,48,4e-4,1,0.9890445859872612
vit-large@frgfm#imagenette-50,11370,vit-large@frgfm#imagenette,2,48,4e-4,1,0.9890445859872612
vit-large@Bingsu#Cat_and_Dog-51,11370,vit-large@Bingsu#Cat_and_Dog,1,576,1e-3,12,0.997
vit-large@frgfm#imagenette-52,11696,vit-large@frgfm#imagenette,1,48,4e-4,1,0.9890445859872612
vit-large@frgfm#imagenette-53,11714,vit-large@frgfm#imagenette,1,48,4e-4,1,0.9890445859872612
vit-large@frgfm#imagenette-54,12033,vit-large@frgfm#imagenette,1,48,4e-4,1,0.9890445859872612
vit-large@Bingsu#Cat_and_Dog-55,12079,vit-large@Bingsu#Cat_and_Dog,1,576,1e-3,12,0.997
vit-large@imagenet-split-2-56,12082,vit-large@imagenet-split-2,2,192,4e-4,4,0.8824
vit-large@Bingsu#Cat_and_Dog-57,12378,vit-large@Bingsu#Cat_and_Dog,1,576,1e-3,12,0.997
vit-large@imagenet-split-1-58,12456,vit-large@imagenet-split-1,16,576,4e-4,12,0.9104
vit-large@Bingsu#Cat_and_Dog-59,13108,vit-large@Bingsu#Cat_and_Dog,1,576,1e-3,12,0.997
vit-large@frgfm#imagenette-60,13468,vit-large@frgfm#imagenette,1,48,4e-4,1,0.9890445859872612
vit-large@fashion_mnist-61,13470,vit-large@fashion_mnist,4,192,4e-4,4,0.9385
vit-large@Bingsu#Cat_and_Dog-62,13911,vit-large@Bingsu#Cat_and_Dog,1,576,1e-3,12,0.997
vit-large@food101-63,14031,vit-large@food101,12,48,1e-4,1,0.810930693069307
vit-large@cifar100-64,14066,vit-large@cifar100,1,192,4e-4,4,0.8548
vit-large@food101-65,14109,vit-large@food101,8,48,1e-4,1,0.810930693069307
vit-large@cifar100-66,14275,vit-large@cifar100,1,192,4e-4,4,0.8548
vit-large@imagenet-split-0-67,15165,vit-large@imagenet-split-0,8,48,1e-4,1,0.9704
vit-large@imagenet-split-1-68,15342,vit-large@imagenet-split-1,1,576,4e-4,12,0.9104
vit-large@Bingsu#Cat_and_Dog-69,16030,vit-large@Bingsu#Cat_and_Dog,1,576,1e-3,12,0.997
vit-large@frgfm#imagenette-70,16773,vit-large@frgfm#imagenette,1,48,4e-4,1,0.9890445859872612
vit-large@frgfm#imagenette-71,17132,vit-large@frgfm#imagenette,1,48,4e-4,1,0.9890445859872612
vit-large@frgfm#imagenette-72,17154,vit-large@frgfm#imagenette,1,48,4e-4,1,0.9890445859872612
vit-large@cifar100-73,17159,vit-large@cifar100,2,192,4e-4,4,0.8548
vit-large@food101-74,17263,vit-large@food101,8,48,1e-4,1,0.810930693069307
vit-large@frgfm#imagenette-75,17581,vit-large@frgfm#imagenette,1,48,4e-4,1,0.9890445859872612
vit-large@Bingsu#Cat_and_Dog-76,17864,vit-large@Bingsu#Cat_and_Dog,1,576,1e-3,12,0.997
vit-large@Bingsu#Cat_and_Dog-77,18187,vit-large@Bingsu#Cat_and_Dog,1,576,1e-3,12,0.997
vit-large@cifar100-78,18254,vit-large@cifar100,2,192,4e-4,4,0.8548
vit-large@Bingsu#Cat_and_Dog-79,18835,vit-large@Bingsu#Cat_and_Dog,1,576,1e-3,12,0.997
vit-large@cifar100-80,19136,vit-large@cifar100,8,192,4e-4,4,0.8548
vit-large@food101-81,19137,vit-large@food101,2,48,1e-4,1,0.810930693069307
vit-large@cifar100-82,19137,vit-large@cifar100,8,192,4e-4,4,0.8548
vit-large@Bingsu#Cat_and_Dog-83,19211,vit-large@Bingsu#Cat_and_Dog,1,576,1e-3,12,0.997
vit-large@fashion_mnist-84,19247,vit-large@fashion_mnist,8,192,4e-4,4,0.9385
vit-large@imagenet-split-1-85,19247,vit-large@imagenet-split-1,8,576,4e-4,12,0.9104
vit-large@food101-86,20006,vit-large@food101,8,48,1e-4,1,0.810930693069307
vit-large@Bingsu#Cat_and_Dog-87,21050,vit-large@Bingsu#Cat_and_Dog,1,576,1e-3,12,0.997
vit-large@fashion_mnist-88,21147,vit-large@fashion_mnist,8,192,4e-4,4,0.9385
vit-large@Bingsu#Cat_and_Dog-89,21258,vit-large@Bingsu#Cat_and_Dog,1,576,1e-3,12,0.997
vit-large@imagenet-split-0-90,21333,vit-large@imagenet-split-0,1,48,1e-4,1,0.9704
vit-large@mnist-91,21547,vit-large@mnist,8,192,4e-4,4,0.9912
vit-large@fashion_mnist-92,21547,vit-large@fashion_mnist,8,192,4e-4,4,0.9385
vit-large@imagenet-split-1-93,21547,vit-large@imagenet-split-1,8,576,4e-4,12,0.9104
vit-large@mnist-94,21547,vit-large@mnist,8,192,4e-4,4,0.9912
vit-large@cifar100-95,21548,vit-large@cifar100,8,192,4e-4,4,0.8548
vit-large@cifar100-96,21548,vit-large@cifar100,8,192,4e-4,4,0.8548
vit-large@imagenet-split-0-97,21548,vit-large@imagenet-split-0,8,48,1e-4,1,0.9704
vit-large@fashion_mnist-98,21548,vit-large@fashion_mnist,8,192,4e-4,4,0.9385
vit-large@imagenet-split-0-99,21548,vit-large@imagenet-split-0,8,48,1e-4,1,0.9704
vit-large@Bingsu#Cat_and_Dog-100,21891,vit-large@Bingsu#Cat_and_Dog,1,576,1e-3,12,0.997
vit-large@cifar100-101,22260,vit-large@cifar100,8,192,4e-4,4,0.8548
vit-large@frgfm#imagenette-102,22395,vit-large@frgfm#imagenette,1,48,4e-4,1,0.9890445859872612
vit-large@mnist-103,22654,vit-large@mnist,8,192,4e-4,4,0.9912
vit-large@imagenet-split-1-104,22654,vit-large@imagenet-split-1,8,576,4e-4,12,0.9104
vit-large@cifar100-105,22654,vit-large@cifar100,8,192,4e-4,4,0.8548
vit-large@imagenet-split-0-106,22654,vit-large@imagenet-split-0,8,48,1e-4,1,0.9704
vit-large@fashion_mnist-107,22654,vit-large@fashion_mnist,8,192,4e-4,4,0.9385
vit-large@cifar100-108,22655,vit-large@cifar100,8,192,4e-4,4,0.8548
vit-large@imagenet-split-1-109,22655,vit-large@imagenet-split-1,8,576,4e-4,12,0.9104
vit-large@cifar100-110,22655,vit-large@cifar100,8,192,4e-4,4,0.8548
vit-large@imagenet-split-1-111,22655,vit-large@imagenet-split-1,8,576,4e-4,12,0.9104
vit-large@mnist-112,22655,vit-large@mnist,8,192,4e-4,4,0.9912
vit-large@imagenet-split-0-113,22655,vit-large@imagenet-split-0,8,48,1e-4,1,0.9704
vit-large@fashion_mnist-114,22655,vit-large@fashion_mnist,8,192,4e-4,4,0.9385
vit-large@mnist-115,22655,vit-large@mnist,8,192,4e-4,4,0.9912
vit-large@mnist-116,22655,vit-large@mnist,8,192,4e-4,4,0.9912
vit-large@cifar100-117,22655,vit-large@cifar100,8,192,4e-4,4,0.8548
vit-large@imagenet-split-1-118,22655,vit-large@imagenet-split-1,8,576,4e-4,12,0.9104
vit-large@fashion_mnist-119,22655,vit-large@fashion_mnist,8,192,4e-4,4,0.9385
vit-large@cifar100-120,22655,vit-large@cifar100,8,192,4e-4,4,0.8548
vit-large@imagenet-split-1-121,23166,vit-large@imagenet-split-1,8,576,4e-4,12,0.9104
vit-large@fashion_mnist-122,23298,vit-large@fashion_mnist,8,192,4e-4,4,0.9385
vit-large@mnist-123,23298,vit-large@mnist,8,192,4e-4,4,0.9912
vit-large@imagenet-split-1-124,23833,vit-large@imagenet-split-1,8,576,4e-4,12,0.9104
vit-large@fashion_mnist-125,24306,vit-large@fashion_mnist,8,192,4e-4,4,0.9385
vit-large@imagenet-split-1-126,24583,vit-large@imagenet-split-1,1,576,4e-4,12,0.9104
vit-large@mnist-127,24611,vit-large@mnist,1,192,4e-4,4,0.9912
vit-large@imagenet-split-1-128,24715,vit-large@imagenet-split-1,1,576,4e-4,12,0.9104
vit-large@frgfm#imagenette-129,25165,vit-large@frgfm#imagenette,1,48,4e-4,1,0.9890445859872612
vit-large@fashion_mnist-130,25326,vit-large@fashion_mnist,8,192,4e-4,4,0.9385
vit-large@imagenet-split-1-131,25326,vit-large@imagenet-split-1,8,576,4e-4,12,0.9104
vit-large@fashion_mnist-132,25475,vit-large@fashion_mnist,8,192,4e-4,4,0.9385
vit-large@frgfm#imagenette-133,25611,vit-large@frgfm#imagenette,1,48,4e-4,1,0.9890445859872612
vit-large@imagenet-split-0-134,25688,vit-large@imagenet-split-0,1,48,1e-4,1,0.9704
vit-large@cifar100-135,25892,vit-large@cifar100,1,192,4e-4,4,0.8548
vit-large@frgfm#imagenette-136,25946,vit-large@frgfm#imagenette,1,48,4e-4,1,0.9890445859872612
vit-large@Bingsu#Cat_and_Dog-137,26066,vit-large@Bingsu#Cat_and_Dog,1,576,1e-3,12,0.997
vit-large@Bingsu#Cat_and_Dog-138,26099,vit-large@Bingsu#Cat_and_Dog,1,576,1e-3,12,0.997
vit-large@frgfm#imagenette-139,26344,vit-large@frgfm#imagenette,1,48,4e-4,1,0.9890445859872612
vit-large@imagenet-split-0-140,26539,vit-large@imagenet-split-0,1,48,1e-4,1,0.9704
vit-large@food101-141,26857,vit-large@food101,2,48,1e-4,1,0.810930693069307
vit-large@imagenet-split-0-142,27150,vit-large@imagenet-split-0,8,48,1e-4,1,0.9704
vit-large@imagenet-split-1-143,27150,vit-large@imagenet-split-1,8,576,4e-4,12,0.9104
vit-large@Bingsu#Cat_and_Dog-144,27157,vit-large@Bingsu#Cat_and_Dog,1,576,1e-3,12,0.997
vit-large@cifar100-145,27565,vit-large@cifar100,8,192,4e-4,4,0.8548
vit-large@fashion_mnist-146,27871,vit-large@fashion_mnist,1,192,4e-4,4,0.9385
vit-large@mnist-147,28092,vit-large@mnist,8,192,4e-4,4,0.9912
vit-large@cifar100-148,28092,vit-large@cifar100,8,192,4e-4,4,0.8548
vit-large@fashion_mnist-149,28092,vit-large@fashion_mnist,8,192,4e-4,4,0.9385
vit-large@imagenet-split-1-150,28092,vit-large@imagenet-split-1,8,576,4e-4,12,0.9104
vit-large@mnist-151,28092,vit-large@mnist,8,192,4e-4,4,0.9912
vit-large@fashion_mnist-152,28092,vit-large@fashion_mnist,8,192,4e-4,4,0.9385
vit-large@imagenet-split-1-153,28093,vit-large@imagenet-split-1,8,576,4e-4,12,0.9104
vit-large@fashion_mnist-154,28093,vit-large@fashion_mnist,8,192,4e-4,4,0.9385
vit-large@imagenet-split-1-155,28093,vit-large@imagenet-split-1,8,576,4e-4,12,0.9104
vit-large@imagenet-split-0-156,28093,vit-large@imagenet-split-0,8,48,1e-4,1,0.9704
vit-large@fashion_mnist-157,28093,vit-large@fashion_mnist,8,192,4e-4,4,0.9385
vit-large@cifar100-158,28093,vit-large@cifar100,8,192,4e-4,4,0.8548
vit-large@imagenet-split-1-159,28634,vit-large@imagenet-split-1,8,576,4e-4,12,0.9104
