name,submission_time,application,num_gpus,target_batch_size,target_lr,target_gradient_steps,target_metric
roberta-large@mrpc-0,45,roberta-large@mrpc,1,64,1e-4,4,0.9061946902654867
roberta-large@qnli-1,1280,roberta-large@qnli,1,128,1e-4,8,0.9474647629507597
roberta-large@sst2-2,1987,roberta-large@sst2,2,192,1e-3,12,0.9655963302752294
roberta-large@qnli-3,2634,roberta-large@qnli,4,128,1e-4,8,0.9474647629507597
roberta-large@qnli-4,2660,roberta-large@qnli,2,128,1e-4,8,0.9474647629507597
roberta-large@sst2-5,3002,roberta-large@sst2,8,192,1e-3,12,0.9655963302752294
roberta-large@qnli-6,4853,roberta-large@qnli,8,128,1e-4,8,0.9474647629507597
roberta-large@mnli-7,4906,roberta-large@mnli,2,192,4e-5,12,0.9019867549668874
roberta-large@qqp-8,6003,roberta-large@qqp,2,128,4e-5,8,0.8584754884373268
roberta-large@mnli-9,6111,roberta-large@mnli,2,192,4e-5,12,0.9019867549668874
roberta-large@qnli-10,7246,roberta-large@qnli,4,128,1e-4,8,0.9474647629507597
roberta-large@sst2-11,7328,roberta-large@sst2,4,192,1e-3,12,0.9655963302752294
roberta-large@wnli-12,7516,roberta-large@wnli,1,16,1e-3,1,0.6338028169014085
roberta-large@rte-13,8067,roberta-large@rte,1,16,4e-4,1,0.8880866425992779
roberta-large@rte-14,8364,roberta-large@rte,1,16,4e-4,1,0.8880866425992779
roberta-large@qnli-15,8748,roberta-large@qnli,2,128,1e-4,8,0.9474647629507597
roberta-large@qnli-16,8768,roberta-large@qnli,1,128,1e-4,8,0.9474647629507597
roberta-large@rte-17,9147,roberta-large@rte,1,16,4e-4,1,0.8880866425992779
roberta-large@wnli-18,9538,roberta-large@wnli,1,16,1e-3,1,0.6338028169014085
roberta-large@mrpc-19,9538,roberta-large@mrpc,1,64,1e-4,4,0.9061946902654867
roberta-large@wnli-20,9539,roberta-large@wnli,1,16,1e-3,1,0.6338028169014085
roberta-large@qnli-21,9612,roberta-large@qnli,1,128,1e-4,8,0.9474647629507597
roberta-large@wnli-22,10052,roberta-large@wnli,1,16,1e-3,1,0.6338028169014085
roberta-large@mrpc-23,10462,roberta-large@mrpc,1,64,1e-4,4,0.9061946902654867
roberta-large@sst2-24,10617,roberta-large@sst2,2,192,1e-3,12,0.9655963302752294
roberta-large@mnli-25,10618,roberta-large@mnli,8,192,4e-5,12,0.9019867549668874
roberta-large@rte-26,11194,roberta-large@rte,2,16,4e-4,1,0.8880866425992779
roberta-large@rte-27,11696,roberta-large@rte,1,16,4e-4,1,0.8880866425992779
roberta-large@stsb-28,11714,roberta-large@stsb,1,192,4e-4,12,0.9172494699508488
roberta-large@sst2-29,12456,roberta-large@sst2,16,192,1e-3,12,0.9655963302752294
roberta-large@stsb-30,13108,roberta-large@stsb,1,192,4e-4,12,0.9172494699508488
roberta-large@rte-31,13468,roberta-large@rte,1,16,4e-4,1,0.8880866425992779
roberta-large@sst2-32,13470,roberta-large@sst2,4,192,1e-3,12,0.9655963302752294
roberta-large@rte-33,13911,roberta-large@rte,1,16,4e-4,1,0.8880866425992779
roberta-large@qqp-34,14031,roberta-large@qqp,8,128,4e-5,8,0.8584754884373268
roberta-large@qqp-35,14109,roberta-large@qqp,8,128,4e-5,8,0.8584754884373268
roberta-large@sst2-36,14275,roberta-large@sst2,1,192,1e-3,12,0.9655963302752294
roberta-large@rte-37,16030,roberta-large@rte,1,16,4e-4,1,0.8880866425992779
roberta-large@mrpc-38,17132,roberta-large@mrpc,1,64,1e-4,4,0.9061946902654867
roberta-large@snli-39,17263,roberta-large@snli,8,192,4e-5,12,0.9258280837228205
roberta-large@wnli-40,18835,roberta-large@wnli,1,16,1e-3,1,0.6338028169014085
roberta-large@qnli-41,19136,roberta-large@qnli,8,128,1e-4,8,0.9474647629507597
roberta-large@qqp-42,19137,roberta-large@qqp,8,128,4e-5,8,0.8584754884373268
roberta-large@sst2-43,19137,roberta-large@sst2,8,192,1e-3,12,0.9655963302752294
roberta-large@sst2-44,19247,roberta-large@sst2,8,192,1e-3,12,0.9655963302752294
roberta-large@qnli-45,20006,roberta-large@qnli,2,128,1e-4,8,0.9474647629507597
roberta-large@stsb-46,21258,roberta-large@stsb,1,192,4e-4,12,0.9172494699508488
roberta-large@qnli-47,21547,roberta-large@qnli,8,128,1e-4,8,0.9474647629507597
roberta-large@sst2-48,21548,roberta-large@sst2,8,192,1e-3,12,0.9655963302752294
roberta-large@qnli-49,21548,roberta-large@qnli,8,128,1e-4,8,0.9474647629507597
roberta-large@sst2-50,21548,roberta-large@sst2,8,192,1e-3,12,0.9655963302752294
roberta-large@mrpc-51,21891,roberta-large@mrpc,1,64,1e-4,4,0.9061946902654867
roberta-large@qnli-52,22260,roberta-large@qnli,8,128,1e-4,8,0.9474647629507597
roberta-large@wnli-53,22395,roberta-large@wnli,1,16,1e-3,1,0.6338028169014085
roberta-large@qnli-54,22654,roberta-large@qnli,8,128,1e-4,8,0.9474647629507597
roberta-large@sst2-55,22654,roberta-large@sst2,8,192,1e-3,12,0.9655963302752294
roberta-large@sst2-56,22654,roberta-large@sst2,8,192,1e-3,12,0.9655963302752294
roberta-large@qnli-57,22654,roberta-large@qnli,8,128,1e-4,8,0.9474647629507597
roberta-large@sst2-58,22655,roberta-large@sst2,8,192,1e-3,12,0.9655963302752294
roberta-large@sst2-59,22655,roberta-large@sst2,8,192,1e-3,12,0.9655963302752294
roberta-large@qnli-60,22655,roberta-large@qnli,8,128,1e-4,8,0.9474647629507597
roberta-large@sst2-61,22655,roberta-large@sst2,8,192,1e-3,12,0.9655963302752294
roberta-large@sst2-62,22655,roberta-large@sst2,8,192,1e-3,12,0.9655963302752294
roberta-large@sst2-63,22655,roberta-large@sst2,8,192,1e-3,12,0.9655963302752294
roberta-large@sst2-64,22655,roberta-large@sst2,8,192,1e-3,12,0.9655963302752294
roberta-large@sst2-65,22655,roberta-large@sst2,8,192,1e-3,12,0.9655963302752294
roberta-large@sst2-66,23166,roberta-large@sst2,8,192,1e-3,12,0.9655963302752294
roberta-large@sst2-67,23298,roberta-large@sst2,8,192,1e-3,12,0.9655963302752294
roberta-large@qnli-68,23298,roberta-large@qnli,8,128,1e-4,8,0.9474647629507597
roberta-large@qnli-69,23833,roberta-large@qnli,8,128,1e-4,8,0.9474647629507597
roberta-large@qnli-70,24611,roberta-large@qnli,1,128,1e-4,8,0.9474647629507597
roberta-large@qnli-71,24715,roberta-large@qnli,1,128,1e-4,8,0.9474647629507597
roberta-large@stsb-72,25165,roberta-large@stsb,1,192,4e-4,12,0.9172494699508488
roberta-large@sst2-73,25326,roberta-large@sst2,8,192,1e-3,12,0.9655963302752294
roberta-large@sst2-74,25475,roberta-large@sst2,8,192,1e-3,12,0.9655963302752294
roberta-large@rte-75,25946,roberta-large@rte,1,16,4e-4,1,0.8880866425992779
roberta-large@mrpc-76,26066,roberta-large@mrpc,1,64,1e-4,4,0.9061946902654867
roberta-large@wnli-77,26099,roberta-large@wnli,1,16,1e-3,1,0.6338028169014085
roberta-large@stsb-78,26344,roberta-large@stsb,1,192,4e-4,12,0.9172494699508488
roberta-large@qnli-79,26539,roberta-large@qnli,1,128,1e-4,8,0.9474647629507597
roberta-large@qnli-80,26857,roberta-large@qnli,2,128,1e-4,8,0.9474647629507597
roberta-large@qnli-81,27150,roberta-large@qnli,8,128,1e-4,8,0.9474647629507597
roberta-large@wnli-82,27157,roberta-large@wnli,1,16,1e-3,1,0.6338028169014085
roberta-large@sst2-83,27565,roberta-large@sst2,8,192,1e-3,12,0.9655963302752294
roberta-large@qnli-84,27871,roberta-large@qnli,1,128,1e-4,8,0.9474647629507597
roberta-large@sst2-85,28092,roberta-large@sst2,8,192,1e-3,12,0.9655963302752294
roberta-large@qnli-86,28092,roberta-large@qnli,8,128,1e-4,8,0.9474647629507597
roberta-large@qnli-87,28092,roberta-large@qnli,8,128,1e-4,8,0.9474647629507597
roberta-large@sst2-88,28093,roberta-large@sst2,8,192,1e-3,12,0.9655963302752294
roberta-large@qnli-89,28093,roberta-large@qnli,8,128,1e-4,8,0.9474647629507597
