name,submission_time,application,num_gpus,target_batch_size,target_lr,target_gradient_steps,target_metric
vit-large@frgfm#imagenette-0,45,vit-large@frgfm#imagenette,1,48,4e-4,1,0.9890445859872612
vit-large@imagenet-split-1-1,92,vit-large@imagenet-split-1,4,576,4e-4,12,0.9104
vit-large@Bingsu#Cat_and_Dog-2,766,vit-large@Bingsu#Cat_and_Dog,1,576,1e-3,12,0.997
vit-large@food101-3,786,vit-large@food101,8,48,1e-4,1,0.810930693069307
vit-large@imagenet-split-0-4,1280,vit-large@imagenet-split-0,1,48,1e-4,1,0.9704
vit-large@Bingsu#Cat_and_Dog-5,1322,vit-large@Bingsu#Cat_and_Dog,1,576,1e-3,12,0.997
vit-large@mnist-6,1576,vit-large@mnist,8,192,4e-4,4,0.9912
vit-large@Bingsu#Cat_and_Dog-7,1747,vit-large@Bingsu#Cat_and_Dog,1,576,1e-3,12,0.997
vit-large@imagenet-split-2-8,1987,vit-large@imagenet-split-2,2,192,4e-4,4,0.8824
vit-large@imagenet-split-1-9,2229,vit-large@imagenet-split-1,8,576,4e-4,12,0.9104
vit-large@imagenet-split-2-10,2296,vit-large@imagenet-split-2,2,192,4e-4,4,0.8824
vit-large@imagenet-split-1-11,2634,vit-large@imagenet-split-1,4,576,4e-4,12,0.9104
vit-large@imagenet-split-0-12,2660,vit-large@imagenet-split-0,2,48,1e-4,1,0.9704
vit-large@mnist-13,3002,vit-large@mnist,8,192,4e-4,4,0.9912
vit-large@mnist-14,3002,vit-large@mnist,8,192,4e-4,4,0.9912
vit-large@imagenet-split-0-15,3014,vit-large@imagenet-split-0,4,48,1e-4,1,0.9704
vit-large@imagenet-split-1-16,3350,vit-large@imagenet-split-1,4,576,4e-4,12,0.9104
vit-large@frgfm#imagenette-17,3459,vit-large@frgfm#imagenette,1,48,4e-4,1,0.9890445859872612
vit-large@frgfm#imagenette-18,3853,vit-large@frgfm#imagenette,1,48,4e-4,1,0.9890445859872612
vit-large@frgfm#imagenette-19,4072,vit-large@frgfm#imagenette,1,48,4e-4,1,0.9890445859872612
vit-large@Bingsu#Cat_and_Dog-20,4256,vit-large@Bingsu#Cat_and_Dog,1,576,1e-3,12,0.997
vit-large@Bingsu#Cat_and_Dog-21,4295,vit-large@Bingsu#Cat_and_Dog,1,576,1e-3,12,0.997
vit-large@mnist-22,4853,vit-large@mnist,8,192,4e-4,4,0.9912
vit-large@fashion_mnist-23,4853,vit-large@fashion_mnist,8,192,4e-4,4,0.9385
vit-large@food101-24,4906,vit-large@food101,2,48,1e-4,1,0.810930693069307
vit-large@food101-25,4906,vit-large@food101,2,48,1e-4,1,0.810930693069307
vit-large@fashion_mnist-26,5098,vit-large@fashion_mnist,8,192,4e-4,4,0.9385
vit-large@imagenet-split-2-27,6003,vit-large@imagenet-split-2,2,192,4e-4,4,0.8824
vit-large@food101-28,6111,vit-large@food101,2,48,1e-4,1,0.810930693069307
vit-large@fashion_mnist-29,6432,vit-large@fashion_mnist,1,192,4e-4,4,0.9385
vit-large@mnist-30,6467,vit-large@mnist,8,192,4e-4,4,0.9912
vit-large@frgfm#imagenette-31,6828,vit-large@frgfm#imagenette,1,48,4e-4,1,0.9890445859872612
vit-large@mnist-32,6858,vit-large@mnist,1,192,4e-4,4,0.9912
vit-large@cifar100-33,7000,vit-large@cifar100,1,192,4e-4,4,0.8548
vit-large@frgfm#imagenette-34,7190,vit-large@frgfm#imagenette,1,48,4e-4,1,0.9890445859872612
vit-large@imagenet-split-0-35,7246,vit-large@imagenet-split-0,4,48,1e-4,1,0.9704
vit-large@cifar100-36,7246,vit-large@cifar100,4,192,4e-4,4,0.8548
vit-large@imagenet-split-1-37,7328,vit-large@imagenet-split-1,4,576,4e-4,12,0.9104
vit-large@cifar100-38,7430,vit-large@cifar100,4,192,4e-4,4,0.8548
vit-large@imagenet-split-1-39,7490,vit-large@imagenet-split-1,4,576,4e-4,12,0.9104
vit-large@Bingsu#Cat_and_Dog-40,7516,vit-large@Bingsu#Cat_and_Dog,1,576,1e-3,12,0.997
vit-large@cifar100-41,7670,vit-large@cifar100,4,192,4e-4,4,0.8548
vit-large@mnist-42,7719,vit-large@mnist,4,192,4e-4,4,0.9912
vit-large@mnist-43,7774,vit-large@mnist,1,192,4e-4,4,0.9912
vit-large@imagenet-split-0-44,7814,vit-large@imagenet-split-0,4,48,1e-4,1,0.9704
vit-large@Bingsu#Cat_and_Dog-45,7949,vit-large@Bingsu#Cat_and_Dog,1,576,1e-3,12,0.997
vit-large@fashion_mnist-46,8016,vit-large@fashion_mnist,4,192,4e-4,4,0.9385
vit-large@cifar100-47,8044,vit-large@cifar100,1,192,4e-4,4,0.8548
vit-large@imagenet-split-1-48,8065,vit-large@imagenet-split-1,4,576,4e-4,12,0.9104
vit-large@Bingsu#Cat_and_Dog-49,8067,vit-large@Bingsu#Cat_and_Dog,1,576,1e-3,12,0.997
vit-large@imagenet-split-1-50,8169,vit-large@imagenet-split-1,4,576,4e-4,12,0.9104
vit-large@imagenet-split-1-51,8245,vit-large@imagenet-split-1,1,576,4e-4,12,0.9104
vit-large@cifar100-52,8260,vit-large@cifar100,1,192,4e-4,4,0.8548
vit-large@imagenet-split-0-53,8264,vit-large@imagenet-split-0,1,48,1e-4,1,0.9704
vit-large@imagenet-split-1-54,8267,vit-large@imagenet-split-1,1,576,4e-4,12,0.9104
vit-large@Bingsu#Cat_and_Dog-55,8364,vit-large@Bingsu#Cat_and_Dog,1,576,1e-3,12,0.997
vit-large@imagenet-split-1-56,8389,vit-large@imagenet-split-1,1,576,4e-4,12,0.9104
vit-large@Bingsu#Cat_and_Dog-57,8718,vit-large@Bingsu#Cat_and_Dog,1,576,1e-3,12,0.997
vit-large@cifar100-58,8748,vit-large@cifar100,2,192,4e-4,4,0.8548
vit-large@imagenet-split-2-59,8767,vit-large@imagenet-split-2,2,192,4e-4,4,0.8824
vit-large@cifar100-60,8768,vit-large@cifar100,1,192,4e-4,4,0.8548
vit-large@frgfm#imagenette-61,8821,vit-large@frgfm#imagenette,1,48,4e-4,1,0.9890445859872612
vit-large@Bingsu#Cat_and_Dog-62,8909,vit-large@Bingsu#Cat_and_Dog,1,576,1e-3,12,0.997
vit-large@Bingsu#Cat_and_Dog-63,8910,vit-large@Bingsu#Cat_and_Dog,1,576,1e-3,12,0.997
vit-large@frgfm#imagenette-64,9026,vit-large@frgfm#imagenette,1,48,4e-4,1,0.9890445859872612
vit-large@frgfm#imagenette-65,9147,vit-large@frgfm#imagenette,1,48,4e-4,1,0.9890445859872612
vit-large@food101-66,9491,vit-large@food101,2,48,1e-4,1,0.810930693069307
vit-large@frgfm#imagenette-67,9538,vit-large@frgfm#imagenette,1,48,4e-4,1,0.9890445859872612
vit-large@frgfm#imagenette-68,9538,vit-large@frgfm#imagenette,1,48,4e-4,1,0.9890445859872612
vit-large@frgfm#imagenette-69,9538,vit-large@frgfm#imagenette,1,48,4e-4,1,0.9890445859872612
vit-large@frgfm#imagenette-70,9538,vit-large@frgfm#imagenette,1,48,4e-4,1,0.9890445859872612
vit-large@frgfm#imagenette-71,9538,vit-large@frgfm#imagenette,1,48,4e-4,1,0.9890445859872612
vit-large@frgfm#imagenette-72,9538,vit-large@frgfm#imagenette,1,48,4e-4,1,0.9890445859872612
vit-large@frgfm#imagenette-73,9539,vit-large@frgfm#imagenette,1,48,4e-4,1,0.9890445859872612
vit-large@Bingsu#Cat_and_Dog-74,9539,vit-large@Bingsu#Cat_and_Dog,1,576,1e-3,12,0.997
vit-large@imagenet-split-0-75,9612,vit-large@imagenet-split-0,1,48,1e-4,1,0.9704
vit-large@Bingsu#Cat_and_Dog-76,9707,vit-large@Bingsu#Cat_and_Dog,1,576,1e-3,12,0.997
vit-large@frgfm#imagenette-77,10052,vit-large@frgfm#imagenette,1,48,4e-4,1,0.9890445859872612
vit-large@mnist-78,10408,vit-large@mnist,16,192,4e-4,4,0.9912
vit-large@Bingsu#Cat_and_Dog-79,10414,vit-large@Bingsu#Cat_and_Dog,2,576,1e-3,12,0.997
vit-large@frgfm#imagenette-80,10462,vit-large@frgfm#imagenette,1,48,4e-4,1,0.9890445859872612
vit-large@Bingsu#Cat_and_Dog-81,10587,vit-large@Bingsu#Cat_and_Dog,1,576,1e-3,12,0.997
vit-large@food101-82,10617,vit-large@food101,2,48,1e-4,1,0.810930693069307
vit-large@imagenet-split-2-83,10617,vit-large@imagenet-split-2,2,192,4e-4,4,0.8824
vit-large@food101-84,10618,vit-large@food101,2,48,1e-4,1,0.810930693069307
vit-large@food101-85,10618,vit-large@food101,2,48,1e-4,1,0.810930693069307
vit-large@imagenet-split-2-86,10620,vit-large@imagenet-split-2,2,192,4e-4,4,0.8824
vit-large@frgfm#imagenette-87,10835,vit-large@frgfm#imagenette,2,48,4e-4,1,0.9890445859872612
vit-large@fashion_mnist-88,10851,vit-large@fashion_mnist,8,192,4e-4,4,0.9385
vit-large@frgfm#imagenette-89,11194,vit-large@frgfm#imagenette,2,48,4e-4,1,0.9890445859872612
vit-large@frgfm#imagenette-90,11370,vit-large@frgfm#imagenette,2,48,4e-4,1,0.9890445859872612
vit-large@Bingsu#Cat_and_Dog-91,11370,vit-large@Bingsu#Cat_and_Dog,1,576,1e-3,12,0.997
vit-large@frgfm#imagenette-92,11696,vit-large@frgfm#imagenette,1,48,4e-4,1,0.9890445859872612
vit-large@frgfm#imagenette-93,11714,vit-large@frgfm#imagenette,1,48,4e-4,1,0.9890445859872612
vit-large@mnist-94,12013,vit-large@mnist,1,192,4e-4,4,0.9912
vit-large@frgfm#imagenette-95,12033,vit-large@frgfm#imagenette,1,48,4e-4,1,0.9890445859872612
vit-large@Bingsu#Cat_and_Dog-96,12036,vit-large@Bingsu#Cat_and_Dog,1,576,1e-3,12,0.997
vit-large@frgfm#imagenette-97,12037,vit-large@frgfm#imagenette,1,48,4e-4,1,0.9890445859872612
vit-large@Bingsu#Cat_and_Dog-98,12079,vit-large@Bingsu#Cat_and_Dog,1,576,1e-3,12,0.997
vit-large@imagenet-split-2-99,12082,vit-large@imagenet-split-2,8,192,4e-4,4,0.8824
vit-large@Bingsu#Cat_and_Dog-100,12378,vit-large@Bingsu#Cat_and_Dog,1,576,1e-3,12,0.997
vit-large@imagenet-split-1-101,12456,vit-large@imagenet-split-1,16,576,4e-4,12,0.9104
vit-large@frgfm#imagenette-102,12633,vit-large@frgfm#imagenette,2,48,4e-4,1,0.9890445859872612
vit-large@Bingsu#Cat_and_Dog-103,12840,vit-large@Bingsu#Cat_and_Dog,1,576,1e-3,12,0.997
vit-large@imagenet-split-1-104,12970,vit-large@imagenet-split-1,8,576,4e-4,12,0.9104
vit-large@Bingsu#Cat_and_Dog-105,13108,vit-large@Bingsu#Cat_and_Dog,1,576,1e-3,12,0.997
vit-large@fashion_mnist-106,13205,vit-large@fashion_mnist,1,192,4e-4,4,0.9385
vit-large@frgfm#imagenette-107,13468,vit-large@frgfm#imagenette,1,48,4e-4,1,0.9890445859872612
vit-large@fashion_mnist-108,13470,vit-large@fashion_mnist,4,192,4e-4,4,0.9385
vit-large@imagenet-split-2-109,13613,vit-large@imagenet-split-2,2,192,4e-4,4,0.8824
vit-large@Bingsu#Cat_and_Dog-110,13911,vit-large@Bingsu#Cat_and_Dog,1,576,1e-3,12,0.997
vit-large@food101-111,14031,vit-large@food101,8,48,1e-4,1,0.810930693069307
vit-large@Bingsu#Cat_and_Dog-112,14066,vit-large@Bingsu#Cat_and_Dog,1,576,1e-3,12,0.997
vit-large@food101-113,14109,vit-large@food101,2,48,1e-4,1,0.810930693069307
vit-large@cifar100-114,14275,vit-large@cifar100,1,192,4e-4,4,0.8548
vit-large@frgfm#imagenette-115,14353,vit-large@frgfm#imagenette,1,48,4e-4,1,0.9890445859872612
vit-large@imagenet-split-1-116,15073,vit-large@imagenet-split-1,1,576,4e-4,12,0.9104
vit-large@imagenet-split-0-117,15165,vit-large@imagenet-split-0,8,48,1e-4,1,0.9704
vit-large@imagenet-split-1-118,15342,vit-large@imagenet-split-1,1,576,4e-4,12,0.9104
vit-large@fashion_mnist-119,15496,vit-large@fashion_mnist,8,192,4e-4,4,0.9385
vit-large@Bingsu#Cat_and_Dog-120,16030,vit-large@Bingsu#Cat_and_Dog,1,576,1e-3,12,0.997
vit-large@Bingsu#Cat_and_Dog-121,16033,vit-large@Bingsu#Cat_and_Dog,1,576,1e-3,12,0.997
vit-large@frgfm#imagenette-122,16772,vit-large@frgfm#imagenette,1,48,4e-4,1,0.9890445859872612
vit-large@frgfm#imagenette-123,16773,vit-large@frgfm#imagenette,1,48,4e-4,1,0.9890445859872612
vit-large@fashion_mnist-124,17039,vit-large@fashion_mnist,8,192,4e-4,4,0.9385
vit-large@frgfm#imagenette-125,17119,vit-large@frgfm#imagenette,1,48,4e-4,1,0.9890445859872612
vit-large@frgfm#imagenette-126,17132,vit-large@frgfm#imagenette,1,48,4e-4,1,0.9890445859872612
vit-large@frgfm#imagenette-127,17154,vit-large@frgfm#imagenette,1,48,4e-4,1,0.9890445859872612
vit-large@cifar100-128,17159,vit-large@cifar100,2,192,4e-4,4,0.8548
vit-large@food101-129,17263,vit-large@food101,8,48,1e-4,1,0.810930693069307
vit-large@frgfm#imagenette-130,17581,vit-large@frgfm#imagenette,1,48,4e-4,1,0.9890445859872612
vit-large@Bingsu#Cat_and_Dog-131,17864,vit-large@Bingsu#Cat_and_Dog,1,576,1e-3,12,0.997
vit-large@food101-132,18125,vit-large@food101,2,48,1e-4,1,0.810930693069307
vit-large@Bingsu#Cat_and_Dog-133,18187,vit-large@Bingsu#Cat_and_Dog,1,576,1e-3,12,0.997
vit-large@food101-134,18254,vit-large@food101,8,48,1e-4,1,0.810930693069307
vit-large@Bingsu#Cat_and_Dog-135,18413,vit-large@Bingsu#Cat_and_Dog,1,576,1e-3,12,0.997
vit-large@imagenet-split-2-136,18613,vit-large@imagenet-split-2,4,192,4e-4,4,0.8824
vit-large@Bingsu#Cat_and_Dog-137,18835,vit-large@Bingsu#Cat_and_Dog,1,576,1e-3,12,0.997
vit-large@cifar100-138,19136,vit-large@cifar100,8,192,4e-4,4,0.8548
vit-large@cifar100-139,19136,vit-large@cifar100,8,192,4e-4,4,0.8548
vit-large@cifar100-140,19136,vit-large@cifar100,8,192,4e-4,4,0.8548
vit-large@food101-141,19137,vit-large@food101,8,48,1e-4,1,0.810930693069307
vit-large@cifar100-142,19137,vit-large@cifar100,8,192,4e-4,4,0.8548
vit-large@imagenet-split-2-143,19137,vit-large@imagenet-split-2,2,192,4e-4,4,0.8824
vit-large@Bingsu#Cat_and_Dog-144,19211,vit-large@Bingsu#Cat_and_Dog,1,576,1e-3,12,0.997
vit-large@fashion_mnist-145,19247,vit-large@fashion_mnist,8,192,4e-4,4,0.9385
vit-large@imagenet-split-1-146,19247,vit-large@imagenet-split-1,8,576,4e-4,12,0.9104
vit-large@mnist-147,19247,vit-large@mnist,8,192,4e-4,4,0.9912
vit-large@imagenet-split-1-148,19247,vit-large@imagenet-split-1,8,576,4e-4,12,0.9104
vit-large@cifar100-149,19247,vit-large@cifar100,8,192,4e-4,4,0.8548
vit-large@imagenet-split-0-150,19247,vit-large@imagenet-split-0,8,48,1e-4,1,0.9704
vit-large@imagenet-split-0-151,19247,vit-large@imagenet-split-0,8,48,1e-4,1,0.9704
vit-large@fashion_mnist-152,19248,vit-large@fashion_mnist,8,192,4e-4,4,0.9385
vit-large@frgfm#imagenette-153,19526,vit-large@frgfm#imagenette,1,48,4e-4,1,0.9890445859872612
vit-large@fashion_mnist-154,19734,vit-large@fashion_mnist,1,192,4e-4,4,0.9385
vit-large@frgfm#imagenette-155,19766,vit-large@frgfm#imagenette,1,48,4e-4,1,0.9890445859872612
vit-large@food101-156,20006,vit-large@food101,2,48,1e-4,1,0.810930693069307
vit-large@frgfm#imagenette-157,20047,vit-large@frgfm#imagenette,1,48,4e-4,1,0.9890445859872612
vit-large@cifar100-158,20140,vit-large@cifar100,1,192,4e-4,4,0.8548
vit-large@Bingsu#Cat_and_Dog-159,20354,vit-large@Bingsu#Cat_and_Dog,1,576,1e-3,12,0.997
vit-large@fashion_mnist-160,20361,vit-large@fashion_mnist,1,192,4e-4,4,0.9385
vit-large@frgfm#imagenette-161,20473,vit-large@frgfm#imagenette,1,48,4e-4,1,0.9890445859872612
vit-large@Bingsu#Cat_and_Dog-162,21050,vit-large@Bingsu#Cat_and_Dog,1,576,1e-3,12,0.997
vit-large@fashion_mnist-163,21147,vit-large@fashion_mnist,8,192,4e-4,4,0.9385
vit-large@imagenet-split-1-164,21147,vit-large@imagenet-split-1,8,576,4e-4,12,0.9104
vit-large@Bingsu#Cat_and_Dog-165,21258,vit-large@Bingsu#Cat_and_Dog,1,576,1e-3,12,0.997
vit-large@imagenet-split-0-166,21333,vit-large@imagenet-split-0,1,48,1e-4,1,0.9704
vit-large@mnist-167,21547,vit-large@mnist,8,192,4e-4,4,0.9912
vit-large@fashion_mnist-168,21547,vit-large@fashion_mnist,8,192,4e-4,4,0.9385
vit-large@imagenet-split-1-169,21547,vit-large@imagenet-split-1,8,576,4e-4,12,0.9104
vit-large@mnist-170,21547,vit-large@mnist,8,192,4e-4,4,0.9912
vit-large@fashion_mnist-171,21547,vit-large@fashion_mnist,8,192,4e-4,4,0.9385
vit-large@imagenet-split-1-172,21547,vit-large@imagenet-split-1,8,576,4e-4,12,0.9104
vit-large@cifar100-173,21547,vit-large@cifar100,8,192,4e-4,4,0.8548
vit-large@fashion_mnist-174,21547,vit-large@fashion_mnist,8,192,4e-4,4,0.9385
vit-large@imagenet-split-1-175,21547,vit-large@imagenet-split-1,8,576,4e-4,12,0.9104
vit-large@cifar100-176,21548,vit-large@cifar100,8,192,4e-4,4,0.8548
vit-large@cifar100-177,21548,vit-large@cifar100,8,192,4e-4,4,0.8548
vit-large@imagenet-split-0-178,21548,vit-large@imagenet-split-0,8,48,1e-4,1,0.9704
vit-large@fashion_mnist-179,21548,vit-large@fashion_mnist,8,192,4e-4,4,0.9385
vit-large@imagenet-split-0-180,21548,vit-large@imagenet-split-0,8,48,1e-4,1,0.9704
vit-large@imagenet-split-1-181,21548,vit-large@imagenet-split-1,8,576,4e-4,12,0.9104
vit-large@cifar100-182,21548,vit-large@cifar100,8,192,4e-4,4,0.8548
vit-large@imagenet-split-0-183,21548,vit-large@imagenet-split-0,8,48,1e-4,1,0.9704
vit-large@mnist-184,21548,vit-large@mnist,8,192,4e-4,4,0.9912
vit-large@fashion_mnist-185,21548,vit-large@fashion_mnist,8,192,4e-4,4,0.9385
vit-large@fashion_mnist-186,21548,vit-large@fashion_mnist,8,192,4e-4,4,0.9385
vit-large@imagenet-split-1-187,21548,vit-large@imagenet-split-1,8,576,4e-4,12,0.9104
vit-large@Bingsu#Cat_and_Dog-188,21677,vit-large@Bingsu#Cat_and_Dog,1,576,1e-3,12,0.997
vit-large@Bingsu#Cat_and_Dog-189,21807,vit-large@Bingsu#Cat_and_Dog,1,576,1e-3,12,0.997
vit-large@Bingsu#Cat_and_Dog-190,21891,vit-large@Bingsu#Cat_and_Dog,1,576,1e-3,12,0.997
vit-large@food101-191,22179,vit-large@food101,8,48,1e-4,1,0.810930693069307
vit-large@cifar100-192,22260,vit-large@cifar100,8,192,4e-4,4,0.8548
vit-large@frgfm#imagenette-193,22395,vit-large@frgfm#imagenette,1,48,4e-4,1,0.9890445859872612
vit-large@imagenet-split-1-194,22634,vit-large@imagenet-split-1,16,576,4e-4,12,0.9104
vit-large@mnist-195,22654,vit-large@mnist,8,192,4e-4,4,0.9912
vit-large@imagenet-split-1-196,22654,vit-large@imagenet-split-1,8,576,4e-4,12,0.9104
vit-large@cifar100-197,22654,vit-large@cifar100,8,192,4e-4,4,0.8548
vit-large@imagenet-split-0-198,22654,vit-large@imagenet-split-0,8,48,1e-4,1,0.9704
vit-large@fashion_mnist-199,22654,vit-large@fashion_mnist,8,192,4e-4,4,0.9385
vit-large@mnist-200,22654,vit-large@mnist,8,192,4e-4,4,0.9912
vit-large@imagenet-split-1-201,22654,vit-large@imagenet-split-1,8,576,4e-4,12,0.9104
vit-large@fashion_mnist-202,22654,vit-large@fashion_mnist,8,192,4e-4,4,0.9385
vit-large@fashion_mnist-203,22654,vit-large@fashion_mnist,8,192,4e-4,4,0.9385
vit-large@imagenet-split-1-204,22654,vit-large@imagenet-split-1,8,576,4e-4,12,0.9104
vit-large@imagenet-split-1-205,22654,vit-large@imagenet-split-1,8,576,4e-4,12,0.9104
vit-large@cifar100-206,22654,vit-large@cifar100,8,192,4e-4,4,0.8548
vit-large@mnist-207,22654,vit-large@mnist,8,192,4e-4,4,0.9912
vit-large@imagenet-split-0-208,22654,vit-large@imagenet-split-0,8,48,1e-4,1,0.9704
vit-large@cifar100-209,22655,vit-large@cifar100,8,192,4e-4,4,0.8548
vit-large@imagenet-split-1-210,22655,vit-large@imagenet-split-1,8,576,4e-4,12,0.9104
vit-large@cifar100-211,22655,vit-large@cifar100,8,192,4e-4,4,0.8548
vit-large@imagenet-split-1-212,22655,vit-large@imagenet-split-1,8,576,4e-4,12,0.9104
vit-large@mnist-213,22655,vit-large@mnist,8,192,4e-4,4,0.9912
vit-large@imagenet-split-0-214,22655,vit-large@imagenet-split-0,8,48,1e-4,1,0.9704
vit-large@fashion_mnist-215,22655,vit-large@fashion_mnist,8,192,4e-4,4,0.9385
vit-large@mnist-216,22655,vit-large@mnist,8,192,4e-4,4,0.9912
vit-large@mnist-217,22655,vit-large@mnist,8,192,4e-4,4,0.9912
vit-large@cifar100-218,22655,vit-large@cifar100,8,192,4e-4,4,0.8548
vit-large@imagenet-split-1-219,22655,vit-large@imagenet-split-1,8,576,4e-4,12,0.9104
vit-large@fashion_mnist-220,22655,vit-large@fashion_mnist,8,192,4e-4,4,0.9385
vit-large@cifar100-221,22655,vit-large@cifar100,8,192,4e-4,4,0.8548
vit-large@imagenet-split-1-222,22655,vit-large@imagenet-split-1,8,576,4e-4,12,0.9104
vit-large@imagenet-split-1-223,22655,vit-large@imagenet-split-1,8,576,4e-4,12,0.9104
vit-large@cifar100-224,22655,vit-large@cifar100,8,192,4e-4,4,0.8548
vit-large@imagenet-split-0-225,22655,vit-large@imagenet-split-0,8,48,1e-4,1,0.9704
vit-large@cifar100-226,22655,vit-large@cifar100,8,192,4e-4,4,0.8548
vit-large@cifar100-227,22655,vit-large@cifar100,8,192,4e-4,4,0.8548
vit-large@imagenet-split-1-228,22655,vit-large@imagenet-split-1,8,576,4e-4,12,0.9104
vit-large@cifar100-229,22655,vit-large@cifar100,8,192,4e-4,4,0.8548
vit-large@fashion_mnist-230,22655,vit-large@fashion_mnist,8,192,4e-4,4,0.9385
vit-large@imagenet-split-0-231,22656,vit-large@imagenet-split-0,8,48,1e-4,1,0.9704
vit-large@fashion_mnist-232,22656,vit-large@fashion_mnist,8,192,4e-4,4,0.9385
vit-large@imagenet-split-1-233,22854,vit-large@imagenet-split-1,8,576,4e-4,12,0.9104
vit-large@Bingsu#Cat_and_Dog-234,22896,vit-large@Bingsu#Cat_and_Dog,1,576,1e-3,12,0.997
vit-large@frgfm#imagenette-235,22913,vit-large@frgfm#imagenette,1,48,4e-4,1,0.9890445859872612
vit-large@imagenet-split-1-236,23166,vit-large@imagenet-split-1,8,576,4e-4,12,0.9104
vit-large@mnist-237,23166,vit-large@mnist,8,192,4e-4,4,0.9912
vit-large@cifar100-238,23166,vit-large@cifar100,8,192,4e-4,4,0.8548
vit-large@frgfm#imagenette-239,23231,vit-large@frgfm#imagenette,1,48,4e-4,1,0.9890445859872612
vit-large@Bingsu#Cat_and_Dog-240,23258,vit-large@Bingsu#Cat_and_Dog,1,576,1e-3,12,0.997
vit-large@fashion_mnist-241,23298,vit-large@fashion_mnist,8,192,4e-4,4,0.9385
vit-large@mnist-242,23298,vit-large@mnist,8,192,4e-4,4,0.9912
vit-large@imagenet-split-0-243,23298,vit-large@imagenet-split-0,8,48,1e-4,1,0.9704
vit-large@cifar100-244,23298,vit-large@cifar100,8,192,4e-4,4,0.8548
vit-large@imagenet-split-2-245,23464,vit-large@imagenet-split-2,2,192,4e-4,4,0.8824
vit-large@Bingsu#Cat_and_Dog-246,23564,vit-large@Bingsu#Cat_and_Dog,1,576,1e-3,12,0.997
vit-large@imagenet-split-2-247,23797,vit-large@imagenet-split-2,2,192,4e-4,4,0.8824
vit-large@imagenet-split-1-248,23833,vit-large@imagenet-split-1,8,576,4e-4,12,0.9104
vit-large@imagenet-split-0-249,24003,vit-large@imagenet-split-0,1,48,1e-4,1,0.9704
vit-large@frgfm#imagenette-250,24298,vit-large@frgfm#imagenette,1,48,4e-4,1,0.9890445859872612
vit-large@fashion_mnist-251,24306,vit-large@fashion_mnist,8,192,4e-4,4,0.9385
vit-large@imagenet-split-1-252,24583,vit-large@imagenet-split-1,1,576,4e-4,12,0.9104
vit-large@cifar100-253,24591,vit-large@cifar100,1,192,4e-4,4,0.8548
vit-large@mnist-254,24611,vit-large@mnist,1,192,4e-4,4,0.9912
vit-large@imagenet-split-1-255,24709,vit-large@imagenet-split-1,8,576,4e-4,12,0.9104
vit-large@imagenet-split-1-256,24715,vit-large@imagenet-split-1,1,576,4e-4,12,0.9104
vit-large@mnist-257,24768,vit-large@mnist,8,192,4e-4,4,0.9912
vit-large@imagenet-split-0-258,24768,vit-large@imagenet-split-0,8,48,1e-4,1,0.9704
vit-large@frgfm#imagenette-259,24844,vit-large@frgfm#imagenette,1,48,4e-4,1,0.9890445859872612
vit-large@frgfm#imagenette-260,24896,vit-large@frgfm#imagenette,1,48,4e-4,1,0.9890445859872612
vit-large@cifar100-261,25005,vit-large@cifar100,8,192,4e-4,4,0.8548
vit-large@frgfm#imagenette-262,25026,vit-large@frgfm#imagenette,1,48,4e-4,1,0.9890445859872612
vit-large@frgfm#imagenette-263,25165,vit-large@frgfm#imagenette,1,48,4e-4,1,0.9890445859872612
vit-large@fashion_mnist-264,25326,vit-large@fashion_mnist,8,192,4e-4,4,0.9385
vit-large@imagenet-split-1-265,25326,vit-large@imagenet-split-1,8,576,4e-4,12,0.9104
vit-large@fashion_mnist-266,25475,vit-large@fashion_mnist,8,192,4e-4,4,0.9385
vit-large@cifar100-267,25562,vit-large@cifar100,4,192,4e-4,4,0.8548
vit-large@food101-268,25602,vit-large@food101,8,48,1e-4,1,0.810930693069307
vit-large@frgfm#imagenette-269,25611,vit-large@frgfm#imagenette,1,48,4e-4,1,0.9890445859872612
vit-large@imagenet-split-0-270,25688,vit-large@imagenet-split-0,1,48,1e-4,1,0.9704
vit-large@cifar100-271,25892,vit-large@cifar100,1,192,4e-4,4,0.8548
vit-large@cifar100-272,25902,vit-large@cifar100,8,192,4e-4,4,0.8548
vit-large@frgfm#imagenette-273,25946,vit-large@frgfm#imagenette,1,48,4e-4,1,0.9890445859872612
vit-large@Bingsu#Cat_and_Dog-274,26066,vit-large@Bingsu#Cat_and_Dog,1,576,1e-3,12,0.997
vit-large@fashion_mnist-275,26066,vit-large@fashion_mnist,1,192,4e-4,4,0.9385
vit-large@Bingsu#Cat_and_Dog-276,26099,vit-large@Bingsu#Cat_and_Dog,1,576,1e-3,12,0.997
vit-large@mnist-277,26180,vit-large@mnist,1,192,4e-4,4,0.9912
vit-large@frgfm#imagenette-278,26344,vit-large@frgfm#imagenette,1,48,4e-4,1,0.9890445859872612
vit-large@fashion_mnist-279,26475,vit-large@fashion_mnist,4,192,4e-4,4,0.9385
vit-large@Bingsu#Cat_and_Dog-280,26481,vit-large@Bingsu#Cat_and_Dog,1,576,1e-3,12,0.997
vit-large@imagenet-split-0-281,26539,vit-large@imagenet-split-0,1,48,1e-4,1,0.9704
vit-large@fashion_mnist-282,26852,vit-large@fashion_mnist,8,192,4e-4,4,0.9385
vit-large@food101-283,26857,vit-large@food101,2,48,1e-4,1,0.810930693069307
vit-large@imagenet-split-0-284,27150,vit-large@imagenet-split-0,8,48,1e-4,1,0.9704
vit-large@imagenet-split-1-285,27150,vit-large@imagenet-split-1,8,576,4e-4,12,0.9104
vit-large@Bingsu#Cat_and_Dog-286,27157,vit-large@Bingsu#Cat_and_Dog,1,576,1e-3,12,0.997
vit-large@Bingsu#Cat_and_Dog-287,27220,vit-large@Bingsu#Cat_and_Dog,1,576,1e-3,12,0.997
vit-large@imagenet-split-0-288,27539,vit-large@imagenet-split-0,1,48,1e-4,1,0.9704
vit-large@cifar100-289,27565,vit-large@cifar100,8,192,4e-4,4,0.8548
vit-large@Bingsu#Cat_and_Dog-290,27579,vit-large@Bingsu#Cat_and_Dog,1,576,1e-3,12,0.997
vit-large@Bingsu#Cat_and_Dog-291,27695,vit-large@Bingsu#Cat_and_Dog,1,576,1e-3,12,0.997
vit-large@fashion_mnist-292,27871,vit-large@fashion_mnist,1,192,4e-4,4,0.9385
vit-large@mnist-293,28092,vit-large@mnist,8,192,4e-4,4,0.9912
vit-large@cifar100-294,28092,vit-large@cifar100,8,192,4e-4,4,0.8548
vit-large@fashion_mnist-295,28092,vit-large@fashion_mnist,8,192,4e-4,4,0.9385
vit-large@imagenet-split-1-296,28092,vit-large@imagenet-split-1,8,576,4e-4,12,0.9104
vit-large@mnist-297,28092,vit-large@mnist,8,192,4e-4,4,0.9912
vit-large@fashion_mnist-298,28092,vit-large@fashion_mnist,8,192,4e-4,4,0.9385
vit-large@fashion_mnist-299,28092,vit-large@fashion_mnist,8,192,4e-4,4,0.9385
vit-large@cifar100-300,28092,vit-large@cifar100,8,192,4e-4,4,0.8548
vit-large@cifar100-301,28092,vit-large@cifar100,8,192,4e-4,4,0.8548
vit-large@cifar100-302,28092,vit-large@cifar100,8,192,4e-4,4,0.8548
vit-large@imagenet-split-1-303,28093,vit-large@imagenet-split-1,8,576,4e-4,12,0.9104
vit-large@fashion_mnist-304,28093,vit-large@fashion_mnist,8,192,4e-4,4,0.9385
vit-large@imagenet-split-1-305,28093,vit-large@imagenet-split-1,8,576,4e-4,12,0.9104
vit-large@imagenet-split-0-306,28093,vit-large@imagenet-split-0,8,48,1e-4,1,0.9704
vit-large@fashion_mnist-307,28093,vit-large@fashion_mnist,8,192,4e-4,4,0.9385
vit-large@cifar100-308,28093,vit-large@cifar100,8,192,4e-4,4,0.8548
vit-large@cifar100-309,28093,vit-large@cifar100,8,192,4e-4,4,0.8548
vit-large@imagenet-split-0-310,28093,vit-large@imagenet-split-0,8,48,1e-4,1,0.9704
vit-large@cifar100-311,28093,vit-large@cifar100,8,192,4e-4,4,0.8548
vit-large@cifar100-312,28093,vit-large@cifar100,8,192,4e-4,4,0.8548
vit-large@imagenet-split-1-313,28093,vit-large@imagenet-split-1,8,576,4e-4,12,0.9104
vit-large@imagenet-split-1-314,28094,vit-large@imagenet-split-1,8,576,4e-4,12,0.9104
vit-large@imagenet-split-0-315,28094,vit-large@imagenet-split-0,8,48,1e-4,1,0.9704
vit-large@cifar100-316,28340,vit-large@cifar100,8,192,4e-4,4,0.8548
vit-large@imagenet-split-2-317,28449,vit-large@imagenet-split-2,2,192,4e-4,4,0.8824
vit-large@imagenet-split-1-318,28634,vit-large@imagenet-split-1,8,576,4e-4,12,0.9104
vit-large@frgfm#imagenette-319,28673,vit-large@frgfm#imagenette,1,48,4e-4,1,0.9890445859872612
