name,submission_time,application,num_gpus,target_batch_size,target_lr,target_gradient_steps,target_metric
vit-large@frgfm#imagenette-0,45,vit-large@frgfm#imagenette,1,48,4e-4,1,0.9890445859872612
vit-large@imagenet-split-1-1,92,vit-large@imagenet-split-1,4,576,4e-4,12,0.9104
vit-large@Bingsu#Cat_and_Dog-2,766,vit-large@Bingsu#Cat_and_Dog,1,576,1e-3,12,0.997
vit-large@food101-3,786,vit-large@food101,8,48,1e-4,1,0.810930693069307
vit-large@imagenet-split-0-4,1280,vit-large@imagenet-split-0,1,48,1e-4,1,0.9704
vit-large@Bingsu#Cat_and_Dog-5,1322,vit-large@Bingsu#Cat_and_Dog,1,576,1e-3,12,0.997
vit-large@imagenet-split-2-6,1987,vit-large@imagenet-split-2,2,192,4e-4,4,0.8824
vit-large@imagenet-split-1-7,2229,vit-large@imagenet-split-1,8,576,4e-4,12,0.9104
vit-large@imagenet-split-1-8,2634,vit-large@imagenet-split-1,4,576,4e-4,12,0.9104
vit-large@imagenet-split-2-9,2660,vit-large@imagenet-split-2,2,192,4e-4,4,0.8824
vit-large@mnist-10,3002,vit-large@mnist,8,192,4e-4,4,0.9912
vit-large@mnist-11,3002,vit-large@mnist,8,192,4e-4,4,0.9912
vit-large@imagenet-split-0-12,3014,vit-large@imagenet-split-0,4,48,1e-4,1,0.9704
vit-large@frgfm#imagenette-13,3459,vit-large@frgfm#imagenette,1,48,4e-4,1,0.9890445859872612
vit-large@frgfm#imagenette-14,3853,vit-large@frgfm#imagenette,1,48,4e-4,1,0.9890445859872612
vit-large@frgfm#imagenette-15,4072,vit-large@frgfm#imagenette,1,48,4e-4,1,0.9890445859872612
vit-large@Bingsu#Cat_and_Dog-16,4295,vit-large@Bingsu#Cat_and_Dog,1,576,1e-3,12,0.997
vit-large@mnist-17,4853,vit-large@mnist,8,192,4e-4,4,0.9912
vit-large@fashion_mnist-18,4853,vit-large@fashion_mnist,8,192,4e-4,4,0.9385
vit-large@food101-19,4906,vit-large@food101,8,48,1e-4,1,0.810930693069307
vit-large@food101-20,4906,vit-large@food101,2,48,1e-4,1,0.810930693069307
vit-large@fashion_mnist-21,5098,vit-large@fashion_mnist,8,192,4e-4,4,0.9385
vit-large@imagenet-split-2-22,6003,vit-large@imagenet-split-2,2,192,4e-4,4,0.8824
vit-large@food101-23,6111,vit-large@food101,2,48,1e-4,1,0.810930693069307
vit-large@mnist-24,6467,vit-large@mnist,8,192,4e-4,4,0.9912
vit-large@frgfm#imagenette-25,7190,vit-large@frgfm#imagenette,1,48,4e-4,1,0.9890445859872612
vit-large@imagenet-split-0-26,7246,vit-large@imagenet-split-0,4,48,1e-4,1,0.9704
vit-large@cifar100-27,7246,vit-large@cifar100,4,192,4e-4,4,0.8548
vit-large@imagenet-split-1-28,7328,vit-large@imagenet-split-1,4,576,4e-4,12,0.9104
vit-large@cifar100-29,7430,vit-large@cifar100,4,192,4e-4,4,0.8548
vit-large@imagenet-split-1-30,7490,vit-large@imagenet-split-1,4,576,4e-4,12,0.9104
vit-large@cifar100-31,7516,vit-large@cifar100,1,192,4e-4,4,0.8548
vit-large@cifar100-32,7670,vit-large@cifar100,4,192,4e-4,4,0.8548
vit-large@mnist-33,7719,vit-large@mnist,4,192,4e-4,4,0.9912
vit-large@mnist-34,7774,vit-large@mnist,1,192,4e-4,4,0.9912
vit-large@imagenet-split-0-35,7814,vit-large@imagenet-split-0,4,48,1e-4,1,0.9704
vit-large@Bingsu#Cat_and_Dog-36,7949,vit-large@Bingsu#Cat_and_Dog,1,576,1e-3,12,0.997
vit-large@cifar100-37,8044,vit-large@cifar100,1,192,4e-4,4,0.8548
vit-large@Bingsu#Cat_and_Dog-38,8067,vit-large@Bingsu#Cat_and_Dog,1,576,1e-3,12,0.997
vit-large@imagenet-split-1-39,8169,vit-large@imagenet-split-1,4,576,4e-4,12,0.9104
vit-large@imagenet-split-0-40,8264,vit-large@imagenet-split-0,1,48,1e-4,1,0.9704
vit-large@imagenet-split-1-41,8267,vit-large@imagenet-split-1,1,576,4e-4,12,0.9104
vit-large@Bingsu#Cat_and_Dog-42,8364,vit-large@Bingsu#Cat_and_Dog,1,576,1e-3,12,0.997
vit-large@Bingsu#Cat_and_Dog-43,8718,vit-large@Bingsu#Cat_and_Dog,1,576,1e-3,12,0.997
vit-large@cifar100-44,8748,vit-large@cifar100,2,192,4e-4,4,0.8548
vit-large@imagenet-split-2-45,8767,vit-large@imagenet-split-2,8,192,4e-4,4,0.8824
vit-large@cifar100-46,8768,vit-large@cifar100,1,192,4e-4,4,0.8548
vit-large@Bingsu#Cat_and_Dog-47,8909,vit-large@Bingsu#Cat_and_Dog,1,576,1e-3,12,0.997
vit-large@frgfm#imagenette-48,9026,vit-large@frgfm#imagenette,1,48,4e-4,1,0.9890445859872612
vit-large@frgfm#imagenette-49,9147,vit-large@frgfm#imagenette,1,48,4e-4,1,0.9890445859872612
vit-large@food101-50,9491,vit-large@food101,8,48,1e-4,1,0.810930693069307
vit-large@frgfm#imagenette-51,9538,vit-large@frgfm#imagenette,1,48,4e-4,1,0.9890445859872612
vit-large@frgfm#imagenette-52,9538,vit-large@frgfm#imagenette,1,48,4e-4,1,0.9890445859872612
vit-large@frgfm#imagenette-53,9538,vit-large@frgfm#imagenette,1,48,4e-4,1,0.9890445859872612
vit-large@frgfm#imagenette-54,9538,vit-large@frgfm#imagenette,1,48,4e-4,1,0.9890445859872612
vit-large@frgfm#imagenette-55,9538,vit-large@frgfm#imagenette,1,48,4e-4,1,0.9890445859872612
vit-large@frgfm#imagenette-56,9539,vit-large@frgfm#imagenette,1,48,4e-4,1,0.9890445859872612
vit-large@Bingsu#Cat_and_Dog-57,9539,vit-large@Bingsu#Cat_and_Dog,1,576,1e-3,12,0.997
vit-large@imagenet-split-0-58,9612,vit-large@imagenet-split-0,1,48,1e-4,1,0.9704
vit-large@Bingsu#Cat_and_Dog-59,9707,vit-large@Bingsu#Cat_and_Dog,1,576,1e-3,12,0.997
vit-large@frgfm#imagenette-60,10052,vit-large@frgfm#imagenette,1,48,4e-4,1,0.9890445859872612
vit-large@frgfm#imagenette-61,10462,vit-large@frgfm#imagenette,1,48,4e-4,1,0.9890445859872612
vit-large@Bingsu#Cat_and_Dog-62,10587,vit-large@Bingsu#Cat_and_Dog,1,576,1e-3,12,0.997
vit-large@food101-63,10617,vit-large@food101,2,48,1e-4,1,0.810930693069307
vit-large@food101-64,10618,vit-large@food101,2,48,1e-4,1,0.810930693069307
vit-large@food101-65,10618,vit-large@food101,2,48,1e-4,1,0.810930693069307
vit-large@frgfm#imagenette-66,10835,vit-large@frgfm#imagenette,2,48,4e-4,1,0.9890445859872612
vit-large@frgfm#imagenette-67,11194,vit-large@frgfm#imagenette,2,48,4e-4,1,0.9890445859872612
vit-large@frgfm#imagenette-68,11370,vit-large@frgfm#imagenette,2,48,4e-4,1,0.9890445859872612
vit-large@Bingsu#Cat_and_Dog-69,11370,vit-large@Bingsu#Cat_and_Dog,1,576,1e-3,12,0.997
vit-large@frgfm#imagenette-70,11696,vit-large@frgfm#imagenette,1,48,4e-4,1,0.9890445859872612
vit-large@frgfm#imagenette-71,11714,vit-large@frgfm#imagenette,1,48,4e-4,1,0.9890445859872612
vit-large@frgfm#imagenette-72,12033,vit-large@frgfm#imagenette,1,48,4e-4,1,0.9890445859872612
vit-large@Bingsu#Cat_and_Dog-73,12079,vit-large@Bingsu#Cat_and_Dog,1,576,1e-3,12,0.997
vit-large@imagenet-split-2-74,12082,vit-large@imagenet-split-2,8,192,4e-4,4,0.8824
vit-large@Bingsu#Cat_and_Dog-75,12378,vit-large@Bingsu#Cat_and_Dog,1,576,1e-3,12,0.997
vit-large@imagenet-split-1-76,12456,vit-large@imagenet-split-1,16,576,4e-4,12,0.9104
vit-large@Bingsu#Cat_and_Dog-77,13108,vit-large@Bingsu#Cat_and_Dog,1,576,1e-3,12,0.997
vit-large@fashion_mnist-78,13205,vit-large@fashion_mnist,1,192,4e-4,4,0.9385
vit-large@frgfm#imagenette-79,13468,vit-large@frgfm#imagenette,1,48,4e-4,1,0.9890445859872612
vit-large@fashion_mnist-80,13470,vit-large@fashion_mnist,4,192,4e-4,4,0.9385
vit-large@imagenet-split-2-81,13613,vit-large@imagenet-split-2,2,192,4e-4,4,0.8824
vit-large@Bingsu#Cat_and_Dog-82,13911,vit-large@Bingsu#Cat_and_Dog,1,576,1e-3,12,0.997
vit-large@food101-83,14031,vit-large@food101,2,48,1e-4,1,0.810930693069307
vit-large@cifar100-84,14066,vit-large@cifar100,1,192,4e-4,4,0.8548
vit-large@food101-85,14109,vit-large@food101,8,48,1e-4,1,0.810930693069307
vit-large@cifar100-86,14275,vit-large@cifar100,1,192,4e-4,4,0.8548
vit-large@frgfm#imagenette-87,14353,vit-large@frgfm#imagenette,1,48,4e-4,1,0.9890445859872612
vit-large@imagenet-split-0-88,15165,vit-large@imagenet-split-0,8,48,1e-4,1,0.9704
vit-large@imagenet-split-1-89,15342,vit-large@imagenet-split-1,1,576,4e-4,12,0.9104
vit-large@fashion_mnist-90,15496,vit-large@fashion_mnist,8,192,4e-4,4,0.9385
vit-large@Bingsu#Cat_and_Dog-91,16030,vit-large@Bingsu#Cat_and_Dog,1,576,1e-3,12,0.997
vit-large@Bingsu#Cat_and_Dog-92,16033,vit-large@Bingsu#Cat_and_Dog,1,576,1e-3,12,0.997
vit-large@frgfm#imagenette-93,16773,vit-large@frgfm#imagenette,1,48,4e-4,1,0.9890445859872612
vit-large@fashion_mnist-94,17039,vit-large@fashion_mnist,8,192,4e-4,4,0.9385
vit-large@frgfm#imagenette-95,17119,vit-large@frgfm#imagenette,1,48,4e-4,1,0.9890445859872612
vit-large@frgfm#imagenette-96,17132,vit-large@frgfm#imagenette,1,48,4e-4,1,0.9890445859872612
vit-large@frgfm#imagenette-97,17154,vit-large@frgfm#imagenette,1,48,4e-4,1,0.9890445859872612
vit-large@cifar100-98,17159,vit-large@cifar100,2,192,4e-4,4,0.8548
vit-large@food101-99,17263,vit-large@food101,8,48,1e-4,1,0.810930693069307
vit-large@frgfm#imagenette-100,17581,vit-large@frgfm#imagenette,1,48,4e-4,1,0.9890445859872612
vit-large@Bingsu#Cat_and_Dog-101,17864,vit-large@Bingsu#Cat_and_Dog,1,576,1e-3,12,0.997
vit-large@Bingsu#Cat_and_Dog-102,18187,vit-large@Bingsu#Cat_and_Dog,1,576,1e-3,12,0.997
vit-large@food101-103,18254,vit-large@food101,8,48,1e-4,1,0.810930693069307
vit-large@Bingsu#Cat_and_Dog-104,18413,vit-large@Bingsu#Cat_and_Dog,1,576,1e-3,12,0.997
vit-large@Bingsu#Cat_and_Dog-105,18835,vit-large@Bingsu#Cat_and_Dog,1,576,1e-3,12,0.997
vit-large@cifar100-106,19136,vit-large@cifar100,8,192,4e-4,4,0.8548
vit-large@cifar100-107,19136,vit-large@cifar100,8,192,4e-4,4,0.8548
vit-large@cifar100-108,19136,vit-large@cifar100,8,192,4e-4,4,0.8548
vit-large@food101-109,19137,vit-large@food101,2,48,1e-4,1,0.810930693069307
vit-large@cifar100-110,19137,vit-large@cifar100,8,192,4e-4,4,0.8548
vit-large@Bingsu#Cat_and_Dog-111,19211,vit-large@Bingsu#Cat_and_Dog,1,576,1e-3,12,0.997
vit-large@fashion_mnist-112,19247,vit-large@fashion_mnist,8,192,4e-4,4,0.9385
vit-large@imagenet-split-1-113,19247,vit-large@imagenet-split-1,8,576,4e-4,12,0.9104
vit-large@mnist-114,19247,vit-large@mnist,8,192,4e-4,4,0.9912
vit-large@imagenet-split-1-115,19247,vit-large@imagenet-split-1,8,576,4e-4,12,0.9104
vit-large@cifar100-116,19247,vit-large@cifar100,8,192,4e-4,4,0.8548
vit-large@fashion_mnist-117,19248,vit-large@fashion_mnist,8,192,4e-4,4,0.9385
vit-large@frgfm#imagenette-118,19526,vit-large@frgfm#imagenette,1,48,4e-4,1,0.9890445859872612
vit-large@fashion_mnist-119,19734,vit-large@fashion_mnist,1,192,4e-4,4,0.9385
vit-large@food101-120,20006,vit-large@food101,2,48,1e-4,1,0.810930693069307
vit-large@frgfm#imagenette-121,20047,vit-large@frgfm#imagenette,1,48,4e-4,1,0.9890445859872612
vit-large@cifar100-122,20140,vit-large@cifar100,1,192,4e-4,4,0.8548
vit-large@fashion_mnist-123,20361,vit-large@fashion_mnist,1,192,4e-4,4,0.9385
vit-large@Bingsu#Cat_and_Dog-124,21050,vit-large@Bingsu#Cat_and_Dog,1,576,1e-3,12,0.997
vit-large@fashion_mnist-125,21147,vit-large@fashion_mnist,8,192,4e-4,4,0.9385
vit-large@imagenet-split-1-126,21147,vit-large@imagenet-split-1,8,576,4e-4,12,0.9104
vit-large@Bingsu#Cat_and_Dog-127,21258,vit-large@Bingsu#Cat_and_Dog,1,576,1e-3,12,0.997
vit-large@imagenet-split-0-128,21333,vit-large@imagenet-split-0,1,48,1e-4,1,0.9704
vit-large@mnist-129,21547,vit-large@mnist,8,192,4e-4,4,0.9912
vit-large@fashion_mnist-130,21547,vit-large@fashion_mnist,8,192,4e-4,4,0.9385
vit-large@imagenet-split-1-131,21547,vit-large@imagenet-split-1,8,576,4e-4,12,0.9104
vit-large@mnist-132,21547,vit-large@mnist,8,192,4e-4,4,0.9912
vit-large@fashion_mnist-133,21547,vit-large@fashion_mnist,8,192,4e-4,4,0.9385
vit-large@cifar100-134,21548,vit-large@cifar100,8,192,4e-4,4,0.8548
vit-large@cifar100-135,21548,vit-large@cifar100,8,192,4e-4,4,0.8548
vit-large@imagenet-split-0-136,21548,vit-large@imagenet-split-0,8,48,1e-4,1,0.9704
vit-large@fashion_mnist-137,21548,vit-large@fashion_mnist,8,192,4e-4,4,0.9385
vit-large@imagenet-split-0-138,21548,vit-large@imagenet-split-0,8,48,1e-4,1,0.9704
vit-large@imagenet-split-1-139,21548,vit-large@imagenet-split-1,8,576,4e-4,12,0.9104
vit-large@cifar100-140,21548,vit-large@cifar100,8,192,4e-4,4,0.8548
vit-large@imagenet-split-0-141,21548,vit-large@imagenet-split-0,8,48,1e-4,1,0.9704
vit-large@mnist-142,21548,vit-large@mnist,8,192,4e-4,4,0.9912
vit-large@fashion_mnist-143,21548,vit-large@fashion_mnist,8,192,4e-4,4,0.9385
vit-large@Bingsu#Cat_and_Dog-144,21891,vit-large@Bingsu#Cat_and_Dog,1,576,1e-3,12,0.997
vit-large@cifar100-145,22260,vit-large@cifar100,8,192,4e-4,4,0.8548
vit-large@frgfm#imagenette-146,22395,vit-large@frgfm#imagenette,1,48,4e-4,1,0.9890445859872612
vit-large@mnist-147,22654,vit-large@mnist,8,192,4e-4,4,0.9912
vit-large@imagenet-split-1-148,22654,vit-large@imagenet-split-1,8,576,4e-4,12,0.9104
vit-large@cifar100-149,22654,vit-large@cifar100,8,192,4e-4,4,0.8548
vit-large@imagenet-split-0-150,22654,vit-large@imagenet-split-0,8,48,1e-4,1,0.9704
vit-large@fashion_mnist-151,22654,vit-large@fashion_mnist,8,192,4e-4,4,0.9385
vit-large@mnist-152,22654,vit-large@mnist,8,192,4e-4,4,0.9912
vit-large@imagenet-split-1-153,22654,vit-large@imagenet-split-1,8,576,4e-4,12,0.9104
vit-large@fashion_mnist-154,22654,vit-large@fashion_mnist,8,192,4e-4,4,0.9385
vit-large@cifar100-155,22655,vit-large@cifar100,8,192,4e-4,4,0.8548
vit-large@imagenet-split-1-156,22655,vit-large@imagenet-split-1,8,576,4e-4,12,0.9104
vit-large@cifar100-157,22655,vit-large@cifar100,8,192,4e-4,4,0.8548
vit-large@imagenet-split-1-158,22655,vit-large@imagenet-split-1,8,576,4e-4,12,0.9104
vit-large@mnist-159,22655,vit-large@mnist,8,192,4e-4,4,0.9912
vit-large@imagenet-split-0-160,22655,vit-large@imagenet-split-0,8,48,1e-4,1,0.9704
vit-large@fashion_mnist-161,22655,vit-large@fashion_mnist,8,192,4e-4,4,0.9385
vit-large@mnist-162,22655,vit-large@mnist,8,192,4e-4,4,0.9912
vit-large@mnist-163,22655,vit-large@mnist,8,192,4e-4,4,0.9912
vit-large@cifar100-164,22655,vit-large@cifar100,8,192,4e-4,4,0.8548
vit-large@imagenet-split-1-165,22655,vit-large@imagenet-split-1,8,576,4e-4,12,0.9104
vit-large@fashion_mnist-166,22655,vit-large@fashion_mnist,8,192,4e-4,4,0.9385
vit-large@cifar100-167,22655,vit-large@cifar100,8,192,4e-4,4,0.8548
vit-large@imagenet-split-1-168,22655,vit-large@imagenet-split-1,8,576,4e-4,12,0.9104
vit-large@imagenet-split-1-169,22655,vit-large@imagenet-split-1,8,576,4e-4,12,0.9104
vit-large@cifar100-170,22655,vit-large@cifar100,8,192,4e-4,4,0.8548
vit-large@imagenet-split-0-171,22655,vit-large@imagenet-split-0,8,48,1e-4,1,0.9704
vit-large@cifar100-172,22655,vit-large@cifar100,8,192,4e-4,4,0.8548
vit-large@imagenet-split-0-173,22656,vit-large@imagenet-split-0,8,48,1e-4,1,0.9704
vit-large@Bingsu#Cat_and_Dog-174,22896,vit-large@Bingsu#Cat_and_Dog,1,576,1e-3,12,0.997
vit-large@frgfm#imagenette-175,22913,vit-large@frgfm#imagenette,1,48,4e-4,1,0.9890445859872612
vit-large@imagenet-split-1-176,23166,vit-large@imagenet-split-1,8,576,4e-4,12,0.9104
vit-large@mnist-177,23166,vit-large@mnist,8,192,4e-4,4,0.9912
vit-large@frgfm#imagenette-178,23231,vit-large@frgfm#imagenette,1,48,4e-4,1,0.9890445859872612
vit-large@Bingsu#Cat_and_Dog-179,23258,vit-large@Bingsu#Cat_and_Dog,1,576,1e-3,12,0.997
vit-large@fashion_mnist-180,23298,vit-large@fashion_mnist,8,192,4e-4,4,0.9385
vit-large@mnist-181,23298,vit-large@mnist,8,192,4e-4,4,0.9912
vit-large@imagenet-split-0-182,23298,vit-large@imagenet-split-0,8,48,1e-4,1,0.9704
vit-large@Bingsu#Cat_and_Dog-183,23564,vit-large@Bingsu#Cat_and_Dog,1,576,1e-3,12,0.997
vit-large@imagenet-split-2-184,23797,vit-large@imagenet-split-2,2,192,4e-4,4,0.8824
vit-large@imagenet-split-1-185,23833,vit-large@imagenet-split-1,8,576,4e-4,12,0.9104
vit-large@imagenet-split-0-186,24003,vit-large@imagenet-split-0,1,48,1e-4,1,0.9704
vit-large@fashion_mnist-187,24306,vit-large@fashion_mnist,8,192,4e-4,4,0.9385
vit-large@imagenet-split-1-188,24583,vit-large@imagenet-split-1,1,576,4e-4,12,0.9104
vit-large@cifar100-189,24591,vit-large@cifar100,1,192,4e-4,4,0.8548
vit-large@mnist-190,24611,vit-large@mnist,1,192,4e-4,4,0.9912
vit-large@imagenet-split-1-191,24709,vit-large@imagenet-split-1,8,576,4e-4,12,0.9104
vit-large@imagenet-split-1-192,24715,vit-large@imagenet-split-1,1,576,4e-4,12,0.9104
vit-large@frgfm#imagenette-193,24844,vit-large@frgfm#imagenette,1,48,4e-4,1,0.9890445859872612
vit-large@frgfm#imagenette-194,25026,vit-large@frgfm#imagenette,1,48,4e-4,1,0.9890445859872612
vit-large@frgfm#imagenette-195,25165,vit-large@frgfm#imagenette,1,48,4e-4,1,0.9890445859872612
vit-large@fashion_mnist-196,25326,vit-large@fashion_mnist,8,192,4e-4,4,0.9385
vit-large@imagenet-split-1-197,25326,vit-large@imagenet-split-1,8,576,4e-4,12,0.9104
vit-large@fashion_mnist-198,25475,vit-large@fashion_mnist,8,192,4e-4,4,0.9385
vit-large@frgfm#imagenette-199,25611,vit-large@frgfm#imagenette,1,48,4e-4,1,0.9890445859872612
vit-large@imagenet-split-0-200,25688,vit-large@imagenet-split-0,1,48,1e-4,1,0.9704
vit-large@cifar100-201,25892,vit-large@cifar100,1,192,4e-4,4,0.8548
vit-large@cifar100-202,25902,vit-large@cifar100,8,192,4e-4,4,0.8548
vit-large@frgfm#imagenette-203,25946,vit-large@frgfm#imagenette,1,48,4e-4,1,0.9890445859872612
vit-large@Bingsu#Cat_and_Dog-204,26066,vit-large@Bingsu#Cat_and_Dog,1,576,1e-3,12,0.997
vit-large@fashion_mnist-205,26066,vit-large@fashion_mnist,1,192,4e-4,4,0.9385
vit-large@Bingsu#Cat_and_Dog-206,26099,vit-large@Bingsu#Cat_and_Dog,1,576,1e-3,12,0.997
vit-large@mnist-207,26180,vit-large@mnist,1,192,4e-4,4,0.9912
vit-large@frgfm#imagenette-208,26344,vit-large@frgfm#imagenette,1,48,4e-4,1,0.9890445859872612
vit-large@fashion_mnist-209,26475,vit-large@fashion_mnist,4,192,4e-4,4,0.9385
vit-large@Bingsu#Cat_and_Dog-210,26481,vit-large@Bingsu#Cat_and_Dog,1,576,1e-3,12,0.997
vit-large@imagenet-split-0-211,26539,vit-large@imagenet-split-0,1,48,1e-4,1,0.9704
vit-large@food101-212,26857,vit-large@food101,2,48,1e-4,1,0.810930693069307
vit-large@imagenet-split-0-213,27150,vit-large@imagenet-split-0,8,48,1e-4,1,0.9704
vit-large@imagenet-split-1-214,27150,vit-large@imagenet-split-1,8,576,4e-4,12,0.9104
vit-large@Bingsu#Cat_and_Dog-215,27157,vit-large@Bingsu#Cat_and_Dog,1,576,1e-3,12,0.997
vit-large@cifar100-216,27565,vit-large@cifar100,8,192,4e-4,4,0.8548
vit-large@Bingsu#Cat_and_Dog-217,27579,vit-large@Bingsu#Cat_and_Dog,1,576,1e-3,12,0.997
vit-large@fashion_mnist-218,27871,vit-large@fashion_mnist,1,192,4e-4,4,0.9385
vit-large@mnist-219,28092,vit-large@mnist,8,192,4e-4,4,0.9912
vit-large@cifar100-220,28092,vit-large@cifar100,8,192,4e-4,4,0.8548
vit-large@fashion_mnist-221,28092,vit-large@fashion_mnist,8,192,4e-4,4,0.9385
vit-large@imagenet-split-1-222,28092,vit-large@imagenet-split-1,8,576,4e-4,12,0.9104
vit-large@mnist-223,28092,vit-large@mnist,8,192,4e-4,4,0.9912
vit-large@fashion_mnist-224,28092,vit-large@fashion_mnist,8,192,4e-4,4,0.9385
vit-large@fashion_mnist-225,28092,vit-large@fashion_mnist,8,192,4e-4,4,0.9385
vit-large@cifar100-226,28092,vit-large@cifar100,8,192,4e-4,4,0.8548
vit-large@cifar100-227,28092,vit-large@cifar100,8,192,4e-4,4,0.8548
vit-large@imagenet-split-1-228,28093,vit-large@imagenet-split-1,8,576,4e-4,12,0.9104
vit-large@fashion_mnist-229,28093,vit-large@fashion_mnist,8,192,4e-4,4,0.9385
vit-large@imagenet-split-1-230,28093,vit-large@imagenet-split-1,8,576,4e-4,12,0.9104
vit-large@imagenet-split-0-231,28093,vit-large@imagenet-split-0,8,48,1e-4,1,0.9704
vit-large@fashion_mnist-232,28093,vit-large@fashion_mnist,8,192,4e-4,4,0.9385
vit-large@cifar100-233,28093,vit-large@cifar100,8,192,4e-4,4,0.8548
vit-large@cifar100-234,28093,vit-large@cifar100,8,192,4e-4,4,0.8548
vit-large@imagenet-split-0-235,28093,vit-large@imagenet-split-0,8,48,1e-4,1,0.9704
vit-large@cifar100-236,28093,vit-large@cifar100,8,192,4e-4,4,0.8548
vit-large@imagenet-split-1-237,28094,vit-large@imagenet-split-1,8,576,4e-4,12,0.9104
vit-large@imagenet-split-2-238,28449,vit-large@imagenet-split-2,2,192,4e-4,4,0.8824
vit-large@imagenet-split-1-239,28634,vit-large@imagenet-split-1,8,576,4e-4,12,0.9104
